work_order_no,item_code,material_readiness,days_until_due,max_lead_time_days,progress_ratio,item_overdue_rate,weekly_load_ratio,bom_component_count,was_delayed
WOH-00001,TV-200,1,13,0,0.2052,0.12,1.0502,8,0
WOH-00002,TV-300,0.837,0,2,0.5769,0.25,0.9524,4,0
WOH-00003,TV-200,1,10,0,0.0658,0.12,1.2185,2,0
WOH-00004,MON-200,0.6296,1,10,0.3716,0.31,1.3074,3,1
WOH-00005,TV-100,0.9082,21,6,0.4502,0.18,0.9504,6,0
WOH-00006,MON-200,1,22,0,0.0218,0.31,,6,0
WOH-00007,TV-300,0.5849,3,12,0.0493,0.25,13.1089,5,0
WOH-00008,MON-200,0.8773,15,5,0.8825,0.31,1.029,3,0
WOH-00009,TV-200,0.9302,1,13,0.0041,0.12,0.893,8,1
WOH-00010,MON-100,0.4142,24,5,0.0645,0.42,1.0539,5,0
WOH-00011,MON-100,0.4222,-6,12,0.654,0.42,0.8134,7,1
WOH-00012,MON-200,0.054,16,4,0.4044,0.31,0.5017,3,1
WOH-00013,TV-200,0.0249,14,10,0.9085,0.12,0.8476,2,0
WOH-00014,MON-200,0.1544,4,13,0.19,0.31,,7,1
WOH-00015,TV-100,0.8947,4,7,0.2628,0.18,0.9757,4,0
WOH-00016,MON-100,0.7092,-3,3,0.8788,0.42,0.8239,7,0
WOH-00017,MON-200,,2,4,0.0581,0.31,1.3965,3,0
WOH-00018,TV-200,1,20,0,0.3776,0.12,1.444,2,0
WOH-00019,MON-200,0.082,-1,14,0.9854,0.31,1.4936,4,1
WOH-00020,MON-100,0.1737,-2,12,0.3101,0.42,1.0973,6,1
WOH-00021,TV-300,0.5194,7,13,0.1354,0.25,,3,0
WOH-00022,TV-100,1,20,0,0.2868,0.18,1.4814,8,0
WOH-00023,MON-200,0.2606,16,5,0.6568,0.31,0.8067,3,0
WOH-00024,TV-300,0.6137,8,9,0.6316,0.25,0.5815,4,0
WOH-00025,TV-300,0.5182,1,12,0.9492,0.25,0.9201,4,1
WOH-00026,TV-100,0.9715,4,14,0.8085,0.18,1.0639,7,0
WOH-00027,TV-200,0.4988,12,8,0.7297,0.12,1.1199,2,0
WOH-00028,TV-100,0.4349,24,11,0.9316,0.18,1.2363,2,0
WOH-00029,MON-100,0.4998,15,4,0.8433,0.42,0.9925,7,0
WOH-00030,MON-100,0.993,6,14,0.1217,0.42,1.238,2,1
WOH-00031,TV-200,0.1424,17,10,0.2194,0.12,0.5847,5,0
WOH-00032,TV-300,,15,0,0.6341,0.25,1.4807,7,0
WOH-00033,TV-100,0.3152,-2,10,0.6416,0.18,0.6111,8,1
WOH-00034,MON-100,0.7847,-2,7,0.5015,0.42,0.5689,3,1
WOH-00035,MON-200,1,9,0,0.5963,0.31,1.3469,5,0
WOH-00036,MON-200,0.1031,6,12,0.0955,0.31,0.6453,5,1
WOH-00037,TV-300,0.8614,3,3,0.4568,0.25,,8,0
WOH-00038,TV-200,0.7793,12,6,0.5284,0.12,0.6315,2,0
WOH-00039,MON-200,,2,2,0.3443,0.31,0.966,8,1
WOH-00040,TV-300,,5,14,0.5651,0.25,0.6264,3,0
WOH-00041,TV-200,0.9448,24,2,0.8025,0.12,1.3104,6,0
WOH-00042,TV-100,,13,9,0.0387,0.18,1.4897,5,0
WOH-00043,MON-100,0.0393,3,7,0.3473,0.42,0.7904,6,1
WOH-00044,TV-200,1,8,0,0.7555,0.12,0.8731,5,0
WOH-00045,MON-100,0.5552,13,10,0.275,0.42,1.0412,5,0
WOH-00046,MON-100,0.5131,1,3,0.7027,0.42,0.8698,6,0
WOH-00047,TV-100,0.4921,18,3,0.1752,0.18,1.0074,5,0
WOH-00048,MON-100,0.6689,4,12,0.5672,0.42,1.2948,2,1
WOH-00049,TV-100,0.4861,21,9,0.8098,0.18,0.9826,7,0
WOH-00050,MON-100,0.5507,1,14,0.7868,0.42,0.9139,8,1
WOH-00051,TV-300,1,4,0,0.3279,0.25,0.5931,8,0
WOH-00052,MON-100,,-6,11,0.9661,0.42,1.0419,8,1
WOH-00053,TV-100,,-2,6,0.1133,0.18,1.3072,3,1
WOH-00054,TV-300,0.1168,6,8,0.4286,0.25,1.4084,2,1
WOH-00055,MON-100,0.7185,22,2,0.0179,0.42,1.2566,2,1
WOH-00056,TV-300,0.6522,10,12,0.5511,0.25,0.6324,2,0
WOH-00057,TV-100,0.4925,-2,7,0.0095,0.18,0.9117,8,1
WOH-00058,TV-300,0.1562,4,3,0.9181,0.25,1.243,2,1
WOH-00059,MON-200,,11,3,0.3713,0.31,1.3645,6,1
WOH-00060,TV-200,,-4,3,0.9088,0.12,1.2356,8,1
WOH-00061,MON-100,1,18,0,0.1426,0.42,0.9215,7,1
WOH-00062,MON-100,0.9231,18,4,0.1996,0.42,0.6396,4,0
WOH-00063,MON-200,0.6892,23,4,0.184,0.31,1.2731,4,0
WOH-00064,MON-200,1,7,0,0.9362,0.31,0.5709,2,0
WOH-00065,MON-200,,8,10,0.1068,0.31,1.2408,4,1
WOH-00066,TV-200,0.5005,10,12,0.8047,0.12,1.1354,4,0
WOH-00067,MON-200,0.7778,4,10,0.7272,0.31,1.2901,2,1
WOH-00068,MON-100,0.0435,0,4,0.8864,0.42,0.5755,8,0
WOH-00069,TV-200,0.2432,14,3,0.8415,0.12,1.236,7,0
WOH-00070,MON-200,0.8192,8,8,0.9545,0.31,1.5958,8,0
WOH-00071,MON-200,0.1918,-6,7,0.7321,0.31,0.7005,7,1
WOH-00072,TV-100,1,10,0,0.9741,0.18,1.0353,8,0
WOH-00073,TV-100,0.6828,6,6,0.0089,0.18,1.0387,6,0
WOH-00074,MON-100,0.7534,5,14,0.4359,0.42,1.3896,6,1
WOH-00075,TV-100,0.5271,23,11,0.8472,0.18,1.5266,2,0
WOH-00076,MON-200,0.9564,19,5,0.1119,0.31,0.6698,8,0
WOH-00077,TV-100,0.0213,-5,5,0.8911,0.18,0.6212,5,1
WOH-00078,TV-200,1,20,0,0.1989,0.12,0.6055,6,0
WOH-00079,MON-100,1,6,0,0.5493,0.42,0.8498,6,0
WOH-00080,MON-100,0.9529,21,11,0.3011,0.42,1.0438,7,0
WOH-00081,MON-100,0.2506,3,11,0.3122,0.42,1.0423,2,1
WOH-00082,MON-200,0.5721,11,3,0.8846,0.31,0.5917,6,0
WOH-00083,MON-200,0.4229,6,10,0.5841,0.31,1.0787,4,1
WOH-00084,TV-100,1,1,0,0.7785,0.18,1.3901,3,1
WOH-00085,TV-300,1,16,0,0.4045,0.25,0.631,7,1
WOH-00086,TV-200,1,-3,0,0.3834,0.12,1.4525,8,1
WOH-00087,MON-200,0.118,24,12,0.8846,0.31,1.2408,7,0
WOH-00088,TV-200,0.8254,20,3,0.2175,0.12,0.9922,2,0
WOH-00089,MON-200,0.7771,7,5,0.1578,0.31,1.4308,3,1
WOH-00090,TV-200,,20,6,0.4979,0.12,0.6209,7,0
WOH-00091,TV-300,0.9844,-6,12,0.2672,0.25,0.648,2,1
WOH-00092,MON-200,0.6106,12,6,0.4326,0.31,1.3445,2,1
WOH-00093,TV-200,0.8363,22,10,0.5379,0.12,0.5568,8,0
WOH-00094,TV-300,0.457,19,11,0.8473,0.25,1.4122,3,0
WOH-00095,TV-200,,1,12,0.9693,0.12,1.4573,6,1
WOH-00096,MON-200,0.5003,4,6,0.6287,0.31,0.7988,2,0
WOH-00097,TV-300,0.3445,18,4,0.0232,0.25,1.3573,3,0
WOH-00098,TV-300,0.0867,3,5,0.1083,0.25,1.1001,2,1
WOH-00099,TV-200,,2,0,0.4529,0.12,1.1614,6,0
WOH-00100,MON-100,0.0827,8,11,0.3831,0.42,1.4418,3,0
WOH-00101,TV-200,1,17,0,0.3791,0.12,1.2724,3,0
WOH-00102,MON-100,0.1301,9,11,0.3368,0.42,0.5128,3,1
WOH-00103,MON-200,0.7369,19,11,0.898,0.31,1.5435,4,0
WOH-00104,TV-200,0.968,1,2,0.0568,0.12,0.8155,4,1
WOH-00105,TV-300,0.1043,22,13,0.0122,0.25,0.8897,3,0
WOH-00106,TV-300,0.4614,19,13,0.2619,0.25,1.0227,3,0
WOH-00107,MON-100,0.2551,21,11,0.2276,0.42,1.5622,7,1
WOH-00108,TV-100,0.5479,2,12,0.9057,0.18,1.0312,4,1
WOH-00109,TV-200,0.5669,24,7,0.4246,0.12,0.8014,8,1
WOH-00110,TV-200,,15,7,0.5917,0.12,0.5113,8,0
WOH-00111,MON-200,0.5643,12,5,0.3829,0.31,0.6184,3,1
WOH-00112,TV-300,0.3433,-3,9,0.3466,0.25,1.3134,8,1
WOH-00113,MON-100,1,11,0,0.2896,0.42,1.1861,5,1
WOH-00114,TV-300,0.7799,14,11,0.7081,0.25,0.7511,7,0
WOH-00115,MON-200,1,2,0,0.2947,0.31,1.3742,2,1
WOH-00116,TV-200,0.4505,10,13,0.6561,0.12,1.1282,2,0
WOH-00117,TV-300,0.8036,24,5,0.3783,0.25,1.0546,7,1
WOH-00118,MON-200,0.3934,0,6,0.3941,0.31,0.9342,7,1
WOH-00119,TV-100,0.371,-1,3,0.1577,0.18,0.9727,7,1
WOH-00120,MON-100,0.8634,20,14,0.9473,0.42,0.6784,3,0
WOH-00121,MON-200,0.8885,8,11,0.054,0.31,1.1062,5,0
WOH-00122,MON-200,0.7198,21,10,0.9933,0.31,0.5088,2,0
WOH-00123,TV-200,0.9443,11,9,0.2624,0.12,1.1856,5,0
WOH-00124,TV-300,0.1795,10,10,0.2927,0.25,1.4779,2,1
WOH-00125,MON-200,0.6066,12,12,0.194,0.31,1.449,4,0
WOH-00126,TV-300,0.993,0,13,0.084,0.25,0.6989,3,1
WOH-00127,TV-200,0.4369,5,3,0.5057,0.12,0.9053,8,0
WOH-00128,TV-100,0.8862,16,14,0.5356,0.18,0.539,2,0
WOH-00129,MON-100,0.2806,-4,8,0.5597,0.42,0.6964,5,1
WOH-00130,TV-200,0.2943,1,13,0.8111,0.12,1.0029,2,1
WOH-00131,TV-200,0.3582,21,12,0.3538,0.12,1.0539,7,1
WOH-00132,MON-200,0.6177,-2,2,0.7688,0.31,1.0485,8,1
WOH-00133,MON-100,0.3011,4,8,0.2732,0.42,,7,1
WOH-00134,MON-200,0.3174,14,7,0.3558,0.31,1.4941,2,1
WOH-00135,MON-200,0.347,-6,14,0.0751,0.31,10.0912,5,1
WOH-00136,TV-100,0.3762,21,11,0.0793,0.18,0.7454,7,0
WOH-00137,TV-100,,5,6,0.7914,0.18,1.4655,5,0
WOH-00138,TV-300,0.8973,12,12,0.9044,0.25,1.0328,4,0
WOH-00139,MON-200,0.4552,9,10,0.1263,0.31,,7,1
WOH-00140,TV-100,0.2261,10,11,0.9919,0.18,0.7052,3,0
WOH-00141,MON-200,0.7362,-6,10,0.0383,0.31,1.0813,2,1
WOH-00142,MON-200,0.4517,19,10,0.6287,0.31,0.8613,7,1
WOH-00143,MON-200,0.8576,5,8,0.4563,0.31,1.525,2,0
WOH-00144,TV-100,0.4841,16,13,0.1559,0.18,0.9679,4,0
WOH-00145,MON-200,0.588,18,11,0.2722,0.31,1.1707,6,0
WOH-00146,TV-100,0.7246,24,12,0.1783,0.18,0.8484,5,0
WOH-00147,MON-100,1,20,0,0.6945,0.42,1.016,7,0
WOH-00148,TV-300,0.1692,6,4,0.0057,0.25,0.5336,6,0
WOH-00149,TV-200,0.504,9,9,0.0889,0.12,0.5148,6,1
WOH-00150,MON-200,0.8597,22,2,0.4214,0.31,,4,0
WOH-00151,MON-100,0.9023,-3,7,0.7116,0.42,1.1087,2,0
WOH-00152,MON-200,,-3,0,0.1531,0.31,1.4675,7,1
WOH-00153,TV-300,0.2969,-3,9,0.4144,0.25,1.1998,7,1
WOH-00154,TV-300,1,11,0,0.8892,0.25,1.4227,5,0
WOH-00155,MON-100,,3,14,0.4935,0.42,0.597,8,1
WOH-00156,TV-100,0.7007,23,9,0.179,0.18,0.7981,6,0
WOH-00157,TV-100,0.3642,22,9,0.0288,0.18,1.4673,2,1
WOH-00158,TV-100,0.7703,2,7,0.4123,0.18,0.5228,4,0
WOH-00159,TV-300,,23,0,0.253,0.25,0.7928,3,1
WOH-00160,TV-100,0.202,6,14,0.1582,0.18,0.5229,3,1
WOH-00161,TV-200,1,0,0,0.4568,0.12,0.856,5,1
WOH-00162,MON-100,0.0936,22,12,0.07,0.42,1.1885,7,1
WOH-00163,MON-200,0.0123,-4,4,0.7878,0.31,0.6232,4,1
WOH-00164,MON-200,0.05,17,11,0.3107,0.31,1.3304,8,1
WOH-00165,MON-200,0.2616,-3,12,0.5653,0.31,1.1167,2,1
WOH-00166,MON-200,0.346,9,13,0.0675,0.31,1.5137,5,1
WOH-00167,TV-300,0.0426,3,11,0.1944,0.25,1.0726,8,1
WOH-00168,TV-100,0.6768,8,9,0.3709,0.18,6.7194,7,0
WOH-00169,TV-100,0.3385,3,2,0.4343,0.18,0.7883,7,0
WOH-00170,MON-200,0.1441,-3,14,0.2328,0.31,0.6713,2,1
WOH-00171,TV-300,1,7,0,0.6855,0.25,0.6361,8,0
WOH-00172,MON-200,0.6581,16,13,0.955,0.31,0.771,7,0
WOH-00173,TV-100,0.8099,6,13,0.1408,0.18,1.0162,6,1
WOH-00174,TV-200,0.9496,-5,9,0.1452,0.12,0.8294,8,0
WOH-00175,TV-200,0.3446,-4,3,0.0678,0.12,1.5946,7,1
WOH-00176,MON-100,0.0976,7,2,0.6133,0.42,0.5915,2,1
WOH-00177,MON-200,0.3163,17,7,0.9422,0.31,0.8653,3,1
WOH-00178,MON-200,,2,3,0.0387,0.31,0.8478,4,0
WOH-00179,TV-300,1,4,0,0.8096,0.25,1.5341,5,0
WOH-00180,MON-100,0.2572,5,9,0.3717,0.42,1.2833,4,1
WOH-00181,TV-100,0.9244,21,6,0.4092,0.18,0.9126,6,0
WOH-00182,TV-100,1,4,0,0.128,0.18,0.8907,4,0
WOH-00183,TV-300,0.7648,16,14,0.94,0.25,0.6055,8,0
WOH-00184,TV-100,0.0489,-3,5,0.4541,0.18,0.8057,3,1
WOH-00185,MON-200,0.4214,0,12,0.4229,0.31,0.7714,7,1
WOH-00186,MON-100,0.4948,17,9,0.2351,0.42,0.7909,4,1
WOH-00187,MON-200,0.0189,-5,9,0.2096,0.31,1.5925,2,1
WOH-00188,TV-300,0.1191,16,2,0.5227,0.25,0.5242,2,0
WOH-00189,TV-200,0.7308,9,3,0.1106,0.12,1.0761,7,1
WOH-00190,TV-100,0.1444,-6,5,0.2148,0.18,1.1535,8,1
WOH-00191,TV-200,,18,11,0.601,0.12,1.2165,2,0
WOH-00192,TV-200,1,2,0,0.317,0.12,0.9131,7,0
WOH-00193,MON-200,0.0103,17,8,0.4588,0.31,1.076,2,1
WOH-00194,MON-100,,-6,3,0.3752,0.42,0.5934,6,0
WOH-00195,MON-200,0.3557,11,3,0.0288,0.31,1.1869,8,1
WOH-00196,TV-300,0.2043,11,6,0.3326,0.25,1.4566,6,1
WOH-00197,MON-200,0.8208,-1,10,0.8845,0.31,0.8554,6,1
WOH-00198,TV-300,1,-3,0,0.7372,0.25,1.5824,7,0
WOH-00199,TV-100,0.5879,4,10,0.3,0.18,0.8873,7,0
WOH-00200,MON-200,0.5206,1,10,0.9053,0.31,1.3546,2,1
WOH-00201,MON-200,0.8528,24,10,0.3256,0.31,0.5635,3,0
WOH-00202,TV-200,0.7637,6,14,0.7833,0.12,0.8369,4,1
WOH-00203,MON-100,0.1272,7,8,0.3234,0.42,0.6155,5,1
WOH-00204,MON-200,,4,11,0.5796,0.31,1.3496,7,1
WOH-00205,MON-200,0.0631,6,9,0.5209,0.31,0.5774,4,1
WOH-00206,MON-100,0.7995,21,14,0.9837,0.42,1.284,2,0
WOH-00207,TV-300,0.7438,18,4,0.4042,0.25,1.5108,7,0
WOH-00208,MON-100,1,16,0,0.0166,0.42,1.145,2,0
WOH-00209,TV-300,1,18,0,0.9104,0.25,1.3424,8,0
WOH-00210,TV-200,1,3,0,0.1506,0.12,1.4348,2,0
WOH-00211,MON-100,0.284,-4,14,0.0759,0.42,0.5072,4,1
WOH-00212,TV-300,0.384,13,2,0.0401,0.25,1.2623,5,1
WOH-00213,TV-300,0.8286,7,4,0.6203,0.25,1.403,8,0
WOH-00214,TV-300,0.9125,21,8,0.4539,0.25,0.8677,5,0
WOH-00215,MON-200,0.0012,19,9,0.8012,0.31,0.5588,8,0
WOH-00216,TV-200,0.2612,12,3,0.5543,0.12,1.5354,7,0
WOH-00217,MON-100,1,22,0,0.2638,0.42,0.7972,7,0
WOH-00218,MON-100,,4,0,0.0902,0.42,1.2559,4,0
WOH-00219,TV-300,0.2608,17,8,0.6972,0.25,1.3945,6,0
WOH-00220,MON-100,,-2,0,0.693,0.42,1.0793,5,0
WOH-00221,TV-300,0.1158,0,13,0.0654,0.25,0.7064,6,1
WOH-00222,MON-100,0.595,19,2,0.7335,0.42,1.4425,5,0
WOH-00223,TV-100,0.6204,15,14,0.7295,0.18,1.3502,2,1
WOH-00224,TV-200,1,11,0,0.6581,0.12,0.6969,4,1
WOH-00225,TV-100,0.8281,9,8,0.7639,0.18,1.1297,2,0
WOH-00226,TV-200,0.5842,13,3,0.4002,0.12,1.0417,7,0
WOH-00227,MON-100,,19,10,0.51,0.42,0.6954,4,1
WOH-00228,MON-200,0.2976,3,14,0.9211,0.31,,6,1
WOH-00229,TV-100,0.6347,0,5,0.54,0.18,1.3595,2,0
WOH-00230,TV-200,,6,14,0.9791,0.12,0.886,6,0
WOH-00231,TV-100,0.2181,19,2,0.2856,0.18,0.6304,7,0
WOH-00232,MON-200,1,19,0,0.2683,0.31,0.7223,4,1
WOH-00233,TV-100,0.5891,9,10,0.3024,0.18,0.8292,8,0
WOH-00234,MON-200,1,-6,0,0.4413,0.31,0.8493,5,1
WOH-00235,MON-100,0.0407,10,5,0.224,0.42,0.6228,8,1
WOH-00236,TV-200,0.9203,8,8,0.3636,0.12,1.1503,6,0
WOH-00237,MON-200,0.2047,21,11,0.4696,0.31,1.5504,3,0
WOH-00238,MON-100,1,14,0,0.4701,0.42,0.7309,7,0
WOH-00239,MON-100,0.9672,24,14,0.6836,0.42,9.089,6,0
WOH-00240,MON-200,0.2137,24,10,0.3844,0.31,1.3114,6,1
WOH-00241,TV-300,0.2356,3,5,0.2764,0.25,0.9226,5,0
WOH-00242,TV-100,0.6412,-4,8,0.9274,0.18,0.6682,4,1
WOH-00243,MON-100,0.0579,-4,5,0.7395,0.42,0.7952,6,0
WOH-00244,MON-200,0.0585,6,12,0.589,0.31,0.5216,4,0
WOH-00245,MON-100,0.1144,4,12,0.4476,0.42,0.5126,4,1
WOH-00246,MON-200,0.252,1,6,0.5945,0.31,1.532,3,1
WOH-00247,MON-100,0.7157,-3,14,0.2095,0.42,0.8442,7,1
WOH-00248,TV-300,0.9721,10,5,0.1918,0.25,0.9557,4,1
WOH-00249,MON-100,0.02,4,6,0.307,0.42,0.722,2,0
WOH-00250,TV-300,0.4691,-3,10,0.5327,0.25,0.7824,7,1
WOH-00251,TV-200,1,1,0,0.3979,0.12,0.8937,3,0
WOH-00252,TV-100,1,6,0,0.9431,0.18,0.7234,3,0
WOH-00253,MON-200,0.9015,3,11,0.4696,0.31,0.8159,4,1
WOH-00254,TV-300,0.4428,23,10,0.5515,0.25,1.2776,2,0
WOH-00255,MON-100,0.142,3,10,0.8051,0.42,1.5237,8,0
WOH-00256,TV-100,0.6894,16,2,0.2364,0.18,1.2389,8,1
WOH-00257,MON-200,0.7179,-2,2,0.3528,0.31,0.8307,8,1
WOH-00258,TV-300,0.841,14,12,0.3061,0.25,1.1643,6,0
WOH-00259,TV-300,0.0911,1,2,0.1487,0.25,0.7082,4,1
WOH-00260,MON-100,0.9602,13,10,0.7198,0.42,0.8506,8,0
WOH-00261,TV-100,0.2058,16,2,0.7201,0.18,,7,0
WOH-00262,MON-200,0.0662,23,3,0.3821,0.31,0.5593,7,0
WOH-00263,TV-200,1,23,0,0.4872,0.12,,6,0
WOH-00264,MON-100,,24,8,0.293,0.42,1.1559,4,1
WOH-00265,MON-200,0.7026,17,5,0.5144,0.31,1.257,7,0
WOH-00266,MON-200,0.0318,17,12,0.201,0.31,0.7033,4,0
WOH-00267,TV-100,1,17,0,0.1741,0.18,0.8843,3,0
WOH-00268,MON-200,0.8448,2,2,0.0813,0.31,1.2669,8,1
WOH-00269,MON-200,0.9692,11,12,0.4095,0.31,1.2974,8,0
WOH-00270,MON-100,1,11,0,0.3216,0.42,1.2382,4,1
WOH-00271,TV-100,1,-3,0,0.262,0.18,0.5543,5,1
WOH-00272,TV-200,,18,6,0.3623,0.12,1.2407,5,1
WOH-00273,TV-200,0.177,-2,9,0.4825,0.12,0.7555,4,1
WOH-00274,TV-300,0.3405,8,12,0.8214,0.25,1.5595,5,1
WOH-00275,TV-200,0.3713,-6,8,0.1725,0.12,0.7336,7,1
WOH-00276,TV-300,1,13,0,0.4881,0.25,0.751,3,1
WOH-00277,TV-100,0.242,17,8,0.6081,0.18,1.0427,6,1
WOH-00278,TV-100,0.2618,18,13,0.4532,0.18,0.5825,2,0
WOH-00279,TV-300,0.3832,-4,2,0.6284,0.25,1.4916,7,1
WOH-00280,TV-200,0.7886,0,12,0.4439,0.12,1.0003,2,0
WOH-00281,TV-200,0.34,11,8,0.7748,0.12,1.4607,4,0
WOH-00282,TV-200,0.7151,15,10,0.901,0.12,1.0958,7,0
WOH-00283,TV-300,0.312,23,10,0.5505,0.25,1.5658,8,1
WOH-00284,MON-200,0.3281,11,7,0.5977,0.31,1.0743,4,0
WOH-00285,MON-100,0.522,9,8,0.0359,0.42,0.7189,8,0
WOH-00286,TV-300,0.6916,20,13,0.9968,0.25,1.0881,4,1
WOH-00287,TV-300,0.4669,14,11,0.1041,0.25,1.5176,6,0
WOH-00288,TV-200,,-5,10,0.8511,0.12,1.2881,5,1
WOH-00289,MON-100,0.6138,11,9,0.5146,0.42,1.4256,7,0
WOH-00290,TV-200,0.2348,18,13,0.104,0.12,1.2869,6,0
WOH-00291,TV-200,0.8605,16,5,0.8271,0.12,1.3484,8,0
WOH-00292,MON-200,0.1782,7,2,0.312,0.31,1.0563,8,1
WOH-00293,TV-300,0.7418,7,13,0.4105,0.25,,4,0
WOH-00294,MON-100,0.1201,10,9,0.3732,0.42,1.4644,6,1
WOH-00295,TV-300,0.3255,14,8,0.175,0.25,1.3989,7,0
WOH-00296,TV-100,0.3876,-4,8,0.2423,0.18,0.8981,3,1
WOH-00297,MON-100,1,11,0,0.7378,0.42,0.7513,6,0
WOH-00298,MON-100,,0,3,0.0697,0.42,0.8769,3,0
WOH-00299,TV-100,0.9105,-2,7,0.486,0.18,1.4563,7,1
WOH-00300,MON-200,0.274,-5,8,0.3698,0.31,0.851,5,1
WOH-00301,TV-100,0.2546,-2,3,0.2308,0.18,0.6597,5,0
WOH-00302,TV-100,0.2927,18,10,0.8996,0.18,0.5106,6,1
WOH-00303,MON-200,0.7401,12,12,0.4775,0.31,1.035,4,1
WOH-00304,MON-100,0.7965,21,11,0.1077,0.42,1.4723,2,0
WOH-00305,TV-200,0.9803,18,2,0.2065,0.12,0.998,7,0
WOH-00306,TV-200,0.7725,6,3,0.1668,0.12,0.8943,6,0
WOH-00307,TV-100,1,21,0,0.0994,0.18,0.9718,2,0
WOH-00308,MON-100,0.8125,3,14,0.8787,0.42,1.2243,8,0
WOH-00309,TV-200,0.5518,23,9,0.3371,0.12,1.039,7,0
WOH-00310,MON-200,0.6358,14,3,0.1998,0.31,0.7057,6,0
WOH-00311,TV-300,0.4378,16,2,0.9154,0.25,1.1747,6,0
WOH-00312,TV-200,0.644,18,11,0.4145,0.12,0.71,4,0
WOH-00313,TV-100,0.9489,16,4,0.2709,0.18,1.4879,2,1
WOH-00314,MON-100,,5,6,0.3062,0.42,0.7793,2,0
WOH-00315,MON-200,1,24,0,0.8811,0.31,13.8101,2,0
WOH-00316,TV-300,0.4277,-5,14,0.7356,0.25,0.9143,8,1
WOH-00317,TV-300,1,7,0,0.8797,0.25,0.8127,3,0
WOH-00318,MON-200,1,-1,0,0.0874,0.31,1.2298,3,1
WOH-00319,TV-200,1,0,0,0.1514,0.12,1.2842,6,1
WOH-00320,MON-200,0.0723,-6,9,0.406,0.31,0.7377,4,0
WOH-00321,MON-100,0.0228,10,5,0.2554,0.42,1.2415,6,1
WOH-00322,TV-200,0.7751,-2,9,0.5246,0.12,1.4479,5,1
WOH-00323,TV-100,0.071,20,14,0.913,0.18,0.6882,6,0
WOH-00324,TV-100,0.4866,20,2,0.137,0.18,0.5012,4,0
WOH-00325,TV-100,0.9476,14,4,0.3634,0.18,1.0483,3,0
WOH-00326,TV-300,,13,7,0.1913,0.25,0.6496,7,1
WOH-00327,TV-100,0.5802,-1,5,0.9981,0.18,0.6859,6,0
WOH-00328,TV-200,0.6215,-5,4,0.0958,0.12,0.7062,6,1
WOH-00329,MON-200,1,1,0,0.391,0.31,1.2269,8,0
WOH-00330,TV-300,0.3843,-6,6,0.2607,0.25,1.3983,6,1
WOH-00331,MON-100,0.1145,14,2,0.9775,0.42,0.8293,6,0
WOH-00332,TV-100,1,0,0,0.915,0.18,1.5808,5,0
WOH-00333,TV-300,0.0946,20,7,0.9338,0.25,,5,0
WOH-00334,TV-200,0.3352,24,14,0.5895,0.12,1.3608,7,0
WOH-00335,MON-200,0.3698,12,11,0.2498,0.31,0.6747,8,0
WOH-00336,TV-300,,20,11,0.3219,0.25,1.4988,7,0
WOH-00337,TV-300,0.0341,23,2,0.8693,0.25,0.8529,5,0
WOH-00338,MON-200,0.9743,-1,6,0.796,0.31,,2,1
WOH-00339,TV-200,1,-4,0,0.3327,0.12,1.5141,6,1
WOH-00340,TV-300,0.2532,0,13,0.0156,0.25,1.1702,7,1
WOH-00341,MON-200,0.5459,16,8,0.1659,0.31,,8,1
WOH-00342,TV-200,0.135,18,14,0.6188,0.12,1.5171,5,0
WOH-00343,TV-300,0.1416,22,14,0.5041,0.25,1.115,2,1
WOH-00344,TV-300,0.2253,0,8,0.9071,0.25,0.9139,8,1
WOH-00345,MON-200,0.7142,-3,6,0.1164,0.31,0.5485,3,1
WOH-00346,MON-200,0.2365,6,8,0.4675,0.31,0.7014,8,1
WOH-00347,MON-100,1,-6,0,0.9448,0.42,0.7846,5,0
WOH-00348,TV-300,0.5042,16,7,0.9907,0.25,1.3242,6,0
WOH-00349,MON-100,1,6,0,0.6726,0.42,1.4758,3,1
WOH-00350,MON-100,0.1467,-6,5,0.3215,0.42,0.7704,5,1
WOH-00351,TV-100,0.8621,17,14,0.7828,0.18,0.8585,2,0
WOH-00352,TV-300,0.9909,19,3,0.5482,0.25,0.7487,4,0
WOH-00353,TV-300,0.5649,2,11,0.9581,0.25,0.9725,7,1
WOH-00354,TV-100,0.2518,6,8,0.9984,0.18,1.3621,6,0
WOH-00355,TV-200,0.4398,8,11,0.8163,0.12,,2,1
WOH-00356,MON-200,0.048,7,11,0.5617,0.31,0.6043,6,1
WOH-00357,MON-200,0.9504,18,9,0.6084,0.31,0.5376,4,0
WOH-00358,TV-200,1,-4,0,0.3292,0.12,0.7806,4,1
WOH-00359,TV-200,0.6558,-5,3,0.6195,0.12,1.4036,6,0
WOH-00360,TV-300,0.0311,5,8,0.2893,0.25,0.8291,5,1
WOH-00361,TV-200,0.0268,1,13,0.1045,0.12,1.0711,6,1
WOH-00362,TV-200,1,17,0,0.0868,0.12,1.2672,4,0
WOH-00363,MON-200,1,20,0,0.7202,0.31,1.5521,3,1
WOH-00364,TV-200,0.6857,11,11,0.7227,0.12,0.9531,8,0
WOH-00365,TV-300,0.4599,11,7,0.0571,0.25,1.3126,4,0
WOH-00366,TV-300,0.2754,18,10,0.0568,0.25,1.2662,6,1
WOH-00367,TV-200,1,13,0,0.4813,0.12,1.4889,8,0
WOH-00368,MON-200,0.4666,16,6,0.2679,0.31,1.5216,2,0
WOH-00369,TV-200,,-1,3,0.2924,0.12,1.0483,6,0
WOH-00370,TV-100,0.1133,20,8,0.1109,0.18,1.4601,8,1
WOH-00371,MON-200,0.3617,7,3,0.5051,0.31,1.4793,5,1
WOH-00372,MON-100,0.8959,11,7,0.9518,0.42,1.2602,7,1
WOH-00373,TV-100,0.6785,16,14,0.769,0.18,0.7933,3,0
WOH-00374,TV-100,0.5807,3,6,0.5622,0.18,1.5584,2,0
WOH-00375,MON-200,0.5893,6,12,0.5903,0.31,,3,1
WOH-00376,TV-300,0.2058,11,10,0.6284,0.25,0.5627,8,0
WOH-00377,TV-200,0.4418,5,10,0.0452,0.12,1.3633,5,1
WOH-00378,MON-200,0.993,7,9,0.9064,0.31,1.1811,4,0
WOH-00379,TV-100,0.3392,6,11,0.9622,0.18,0.7643,8,1
WOH-00380,MON-200,0.6196,1,11,0.4534,0.31,0.5514,8,1
WOH-00381,MON-100,0.4509,19,4,0.6232,0.42,1.169,6,0
WOH-00382,MON-200,,2,13,0.9066,0.31,1.596,8,1
WOH-00383,MON-200,0.6962,10,11,0.5131,0.31,0.8455,4,1
WOH-00384,TV-200,0.8375,17,3,0.5327,0.12,1.5592,4,0
WOH-00385,MON-100,0.0799,-1,12,0.9722,0.42,0.8153,8,0
WOH-00386,TV-100,0.9962,8,10,0.8875,0.18,1.1439,8,0
WOH-00387,MON-200,0.958,12,14,0.5996,0.31,0.9597,5,0
WOH-00388,TV-100,0.6289,-3,9,0.7783,0.18,,5,0
WOH-00389,MON-100,0.555,16,3,0.2705,0.42,1.1773,6,0
WOH-00390,TV-100,0.7996,22,2,0.5903,0.18,,8,0
WOH-00391,TV-200,0.3917,8,5,0.9699,0.12,0.7602,2,0
WOH-00392,TV-200,0.9877,4,5,0.2896,0.12,1.2497,8,0
WOH-00393,TV-300,0.9946,8,14,0.0036,0.25,0.5031,8,0
WOH-00394,TV-300,0.3995,13,10,0.9518,0.25,0.6151,7,1
WOH-00395,MON-200,0.8134,13,2,0.1984,0.31,0.5517,3,0
WOH-00396,MON-100,0.1866,9,5,0.5004,0.42,1.5622,3,1
WOH-00397,TV-100,0.3561,22,11,0.423,0.18,1.4986,6,1
WOH-00398,MON-200,1,13,0,0.7056,0.31,0.7659,7,0
WOH-00399,MON-100,0.6921,8,9,0.3656,0.42,16.4703,5,0
WOH-00400,TV-100,0.5474,23,7,0.8192,0.18,0.7577,6,0
WOH-00401,MON-200,0.5366,17,12,0.224,0.31,0.6041,8,0
WOH-00402,MON-200,0.3326,10,14,0.832,0.31,0.5786,2,0
WOH-00403,TV-300,1,10,0,0.747,0.25,1.4033,5,0
WOH-00404,TV-100,0.7608,14,7,0.1817,0.18,,5,1
WOH-00405,TV-100,0.6094,15,11,0.5976,0.18,13.4417,3,1
WOH-00406,MON-200,0.6643,0,11,0.9063,0.31,1.3552,7,1
WOH-00407,TV-100,0.7431,19,14,0.4718,0.18,0.7854,5,0
WOH-00408,TV-100,1,24,0,0.2091,0.18,0.9495,4,0
WOH-00409,MON-100,0.5786,16,9,0.229,0.42,1.1811,6,0
WOH-00410,MON-100,0.4003,-1,4,0.3072,0.42,0.8583,6,1
WOH-00411,TV-100,0.9194,10,14,0.9878,0.18,1.3448,3,0
WOH-00412,MON-100,0.7706,4,12,0.2253,0.42,0.5318,6,0
WOH-00413,MON-200,0.1976,-1,13,0.0605,0.31,1.1278,6,1
WOH-00414,TV-100,0.7642,18,8,0.1353,0.18,1.3087,8,1
WOH-00415,TV-300,0.9152,21,7,0.8881,0.25,0.9618,8,0
WOH-00416,TV-200,0.2879,12,13,0.8837,0.12,0.7428,3,0
WOH-00417,MON-200,0.2138,12,14,0.5088,0.31,0.5548,7,1
WOH-00418,MON-100,0.2007,-3,13,0.1862,0.42,0.5163,8,1
WOH-00419,TV-100,0.0498,3,13,0.5558,0.18,1.3571,5,1
WOH-00420,TV-300,1,-5,0,0.4956,0.25,1.5047,3,1
WOH-00421,MON-100,0.1095,1,8,0.083,0.42,0.5272,3,1
WOH-00422,TV-200,0.8387,20,14,0.9643,0.12,1.5931,7,0
WOH-00423,MON-200,1,6,0,0.5237,0.31,1.2587,8,0
WOH-00424,MON-100,,3,7,0.054,0.42,1.418,6,0
WOH-00425,MON-100,0.0682,2,3,0.0712,0.42,1.0256,3,0
WOH-00426,TV-100,0.7316,16,14,0.3581,0.18,,3,1
WOH-00427,MON-100,0.7453,10,12,0.3335,0.42,1.2184,8,1
WOH-00428,TV-200,0.483,18,12,0.0823,0.12,1.1881,8,0
WOH-00429,TV-200,,16,9,0.0217,0.12,1.5036,2,0
WOH-00430,TV-200,,19,5,0.7716,0.12,1.252,2,1
WOH-00431,TV-200,0.7252,-4,7,0.7262,0.12,0.7918,8,1
WOH-00432,TV-300,0.4398,23,3,0.0934,0.25,0.9978,8,0
WOH-00433,MON-100,0.7973,-4,7,0.1028,0.42,,6,1
WOH-00434,MON-200,0.9514,13,4,0.3832,0.31,0.5803,3,0
WOH-00435,MON-200,0.8246,24,14,0.2811,0.31,0.5441,7,0
WOH-00436,TV-100,0.212,9,6,0.519,0.18,1.151,8,1
WOH-00437,TV-200,0.2855,12,7,0.5932,0.12,0.9655,8,1
WOH-00438,TV-100,,4,6,0.009,0.18,1.0095,7,1
WOH-00439,TV-200,0.9872,6,11,0.3385,0.12,0.7015,6,1
WOH-00440,TV-200,0.4883,-2,12,0.4688,0.12,1.16,5,1
WOH-00441,MON-200,0.6986,6,5,0.5274,0.31,1.1226,3,0
WOH-00442,TV-100,0.194,17,2,0.7601,0.18,1.2076,6,0
WOH-00443,MON-200,0.0094,10,9,0.5628,0.31,1.0634,6,0
WOH-00444,MON-100,0.4263,10,9,0.5404,0.42,0.5654,8,1
WOH-00445,TV-300,0.4974,21,13,0.1788,0.25,1.3564,8,0
WOH-00446,TV-100,,21,9,0.6856,0.18,1.5784,2,1
WOH-00447,TV-100,0.0093,21,8,0.3362,0.18,1.4422,8,0
WOH-00448,MON-100,,13,13,0.9981,0.42,1.0525,2,0
WOH-00449,TV-100,0.4498,5,10,0.328,0.18,1.2381,6,0
WOH-00450,TV-300,0.5192,13,12,0.8593,0.25,0.5394,4,0
WOH-00451,MON-200,0.254,-3,4,0.9805,0.31,0.8041,8,1
WOH-00452,TV-200,0.3699,11,9,0.6317,0.12,1.4419,8,1
WOH-00453,TV-300,0.2312,-4,7,0.716,0.25,1.3416,2,1
WOH-00454,TV-200,0.4825,20,14,0.5599,0.12,1.1671,6,0
WOH-00455,TV-200,0.8316,-2,2,0.8352,0.12,1.4331,6,0
WOH-00456,TV-100,0.6278,6,11,0.9532,0.18,1.5016,5,1
WOH-00457,TV-100,0.004,10,8,0.7602,0.18,0.5655,4,1
WOH-00458,MON-100,1,11,0,0.5911,0.42,1.4287,5,1
WOH-00459,TV-100,0.2321,-6,14,0.229,0.18,0.7069,4,0
WOH-00460,TV-300,0.3505,-1,3,0.179,0.25,0.667,3,0
WOH-00461,TV-100,0.3958,22,3,0.5758,0.18,1.1507,8,1
WOH-00462,MON-100,0.1036,-1,14,0.4379,0.42,0.5404,8,1
WOH-00463,MON-100,0.3886,15,13,0.938,0.42,0.6561,2,0
WOH-00464,MON-200,0.3611,23,7,0.7356,0.31,1.4053,2,0
WOH-00465,TV-300,0.2004,9,9,0.6838,0.25,0.6596,4,1
WOH-00466,TV-300,0.1561,-1,12,0.1396,0.25,0.6389,5,1
WOH-00467,TV-100,0.5864,10,13,0.7556,0.18,0.6786,5,0
WOH-00468,MON-100,0.6127,16,10,0.5279,0.42,1.4202,3,0
WOH-00469,MON-100,0.3895,7,10,0.3228,0.42,1.1179,8,1
WOH-00470,MON-100,0.648,5,7,0.1171,0.42,1.1754,3,1
WOH-00471,TV-200,1,2,0,0.2926,0.12,0.5199,2,0
WOH-00472,TV-200,,20,8,0.4131,0.12,1.2048,3,0
WOH-00473,TV-300,0.538,19,8,0.2717,0.25,0.9881,3,0
WOH-00474,TV-200,0.3315,14,10,0.4038,0.12,0.6435,2,1
WOH-00475,MON-200,0.1407,20,10,0.0541,0.31,0.6309,8,1
WOH-00476,TV-100,0.6142,23,14,0.7814,0.18,,8,0
WOH-00477,TV-100,1,10,0,0.8937,0.18,0.6651,8,0
WOH-00478,MON-200,0.1717,12,9,0.2911,0.31,0.6181,4,1
WOH-00479,TV-200,1,-1,0,0.1691,0.12,0.9373,2,0
WOH-00480,MON-100,0.7902,9,4,0.7101,0.42,1.2064,5,0
WOH-00481,TV-300,0.3998,1,5,0.8709,0.25,1.4691,6,1
WOH-00482,TV-100,1,17,0,0.9692,0.18,0.7774,3,0
WOH-00483,TV-300,0.8916,21,10,0.6144,0.25,1.4757,2,0
WOH-00484,TV-300,0.1945,18,8,0.8521,0.25,0.683,4,0
WOH-00485,MON-100,1,10,0,0.2548,0.42,1.0268,5,0
WOH-00486,TV-200,1,1,0,0.0329,0.12,0.8866,4,0
WOH-00487,TV-300,0.92,7,11,0.9308,0.25,0.6433,3,0
WOH-00488,TV-300,0.8396,5,12,0.7967,0.25,0.5086,6,0
WOH-00489,TV-200,0.6888,-2,2,0.1914,0.12,1.2807,8,0
WOH-00490,TV-300,0.8788,12,10,0.3811,0.25,0.7696,3,1
WOH-00491,TV-300,0.6694,-4,9,0.0648,0.25,0.9713,2,1
WOH-00492,TV-300,0.2256,3,9,0.3509,0.25,,8,1
WOH-00493,TV-100,0.4747,23,9,0.3662,0.18,0.6665,7,1
WOH-00494,MON-100,0.7318,5,11,0.3578,0.42,0.5607,4,0
WOH-00495,TV-100,1,12,0,0.7018,0.18,1.2084,4,0
WOH-00496,TV-100,0.125,19,10,0.4429,0.18,0.7635,2,0
WOH-00497,TV-300,1,20,0,0.5368,0.25,1.3415,5,0
WOH-00498,TV-200,,10,2,0.4434,0.12,1.3799,7,1
WOH-00499,MON-100,,6,13,0.4921,0.42,1.1075,6,1
WOH-00500,MON-100,0.9256,21,11,0.0919,0.42,0.9922,3,1
WOH-00501,TV-300,0.2157,13,4,0.3612,0.25,15.2895,5,1
WOH-00502,TV-200,0.4751,19,13,0.9684,0.12,1.391,4,1
WOH-00503,TV-300,,1,13,0.0164,0.25,0.682,7,1
WOH-00504,TV-200,0.9429,13,9,0.61,0.12,0.8548,8,0
WOH-00505,MON-200,0.8136,-5,14,0.0265,0.31,0.5882,2,0
WOH-00506,TV-100,0.9104,4,10,0.4435,0.18,1.4568,3,0
WOH-00507,TV-100,0.8842,11,9,0.4004,0.18,0.5778,2,0
WOH-00508,TV-100,0.9142,-3,2,0.9735,0.18,0.9936,8,1
WOH-00509,TV-300,0.354,-3,2,0.1697,0.25,0.5692,8,1
WOH-00510,TV-200,,8,14,0.2079,0.12,1.4231,8,0
WOH-00511,MON-100,0.1748,10,10,0.0012,0.42,0.8398,7,1
WOH-00512,TV-300,0.0512,6,9,0.2956,0.25,0.5589,2,1
WOH-00513,TV-300,1,23,0,0.5764,0.25,0.5026,5,0
WOH-00514,TV-100,0.6043,2,7,0.9368,0.18,0.6952,6,0
WOH-00515,TV-100,0.5104,6,10,0.2409,0.18,,4,1
WOH-00516,MON-100,0.0196,5,4,0.1777,0.42,1.4664,3,1
WOH-00517,TV-100,0.0342,12,3,0.0188,0.18,,8,1
WOH-00518,MON-100,0.1524,12,12,0.283,0.42,0.5132,5,0
WOH-00519,TV-200,0.6588,-6,8,0.0356,0.12,1.1411,4,1
WOH-00520,MON-100,,19,5,0.346,0.42,1.5803,8,1
WOH-00521,TV-200,0.0903,22,9,0.8311,0.12,1.2379,5,0
WOH-00522,TV-300,0.9952,21,4,0.2108,0.25,1.1261,5,0
WOH-00523,TV-100,0.1941,8,6,0.5477,0.18,1.5799,5,1
WOH-00524,MON-100,0.8886,1,12,0.8797,0.42,0.6063,7,1
WOH-00525,TV-100,0.7983,2,8,0.5275,0.18,0.6761,8,1
WOH-00526,MON-200,0.1578,7,9,0.8673,0.31,1.3538,5,1
WOH-00527,MON-200,0.7438,10,14,0.4579,0.31,1.5562,3,0
WOH-00528,MON-100,0.1106,21,12,0.0393,0.42,1.0756,2,1
WOH-00529,MON-100,0.2036,4,10,0.7155,0.42,0.8331,5,1
WOH-00530,MON-100,1,21,0,0.9534,0.42,0.5722,5,0
WOH-00531,MON-100,1,16,0,0.9617,0.42,,8,0
WOH-00532,TV-300,0.3393,2,10,0.5406,0.25,0.7047,5,1
WOH-00533,TV-100,0.2449,-5,10,0.09,0.18,0.8469,8,1
WOH-00534,TV-200,0.89,24,6,0.0272,0.12,0.7692,2,0
WOH-00535,MON-100,0.3802,10,5,0.2351,0.42,1.3395,7,1
WOH-00536,TV-300,,19,12,0.1701,0.25,,6,0
WOH-00537,MON-100,0.2335,0,7,0.8715,0.42,15.6939,2,1
WOH-00538,MON-100,0.6704,10,10,0.1015,0.42,0.7292,3,0
WOH-00539,TV-200,0.2748,13,6,0.217,0.12,14.9405,5,1
WOH-00540,TV-300,,24,4,0.7504,0.25,0.6365,5,1
WOH-00541,TV-100,0.9599,24,12,0.2936,0.18,1.4744,7,0
WOH-00542,MON-200,1,9,0,0.8545,0.31,0.9408,5,1
WOH-00543,TV-300,,11,3,0.3393,0.25,1.4673,4,1
WOH-00544,TV-100,0.6026,20,14,0.8725,0.18,0.899,3,1
WOH-00545,TV-300,0.7013,15,7,0.563,0.25,,2,0
WOH-00546,TV-200,0.8311,17,7,0.9109,0.12,1.49,2,0
WOH-00547,MON-200,0.6458,9,4,0.1178,0.31,0.8274,3,1
WOH-00548,MON-100,0.2097,23,12,0.2227,0.42,1.515,8,1
WOH-00549,TV-100,1,3,0,0.1457,0.18,0.9513,7,1
WOH-00550,TV-300,0.0668,19,14,0.6458,0.25,0.9997,8,1
WOH-00551,MON-100,1,0,0,0.9404,0.42,1.0492,4,1
WOH-00552,TV-100,0.1787,24,3,0.3441,0.18,0.8122,6,1
WOH-00553,MON-100,0.4486,22,5,0.0222,0.42,1.1083,5,0
WOH-00554,TV-100,0.2184,18,9,0.1614,0.18,1.419,2,1
WOH-00555,MON-100,0.3886,10,11,0.1714,0.42,0.5354,3,1
WOH-00556,TV-200,0.1282,1,8,0.4177,0.12,1.2853,2,1
WOH-00557,TV-200,0.018,21,6,0.4903,0.12,0.84,5,0
WOH-00558,TV-100,0.8011,5,3,0.4322,0.18,,6,0
WOH-00559,TV-100,0.6915,12,3,0.9079,0.18,1.3049,4,0
WOH-00560,TV-100,0.1566,20,9,0.6034,0.18,0.9731,5,0
WOH-00561,MON-100,0.4116,23,14,0.6555,0.42,1.3012,6,0
WOH-00562,TV-300,0.253,10,4,0.184,0.25,0.644,4,1
WOH-00563,TV-200,0.7072,-4,13,0.2408,0.12,0.8288,6,1
WOH-00564,MON-100,,3,8,0.7759,0.42,1.5494,2,1
WOH-00565,TV-300,0.312,17,6,0.0895,0.25,0.7993,7,1
WOH-00566,MON-100,0.8742,-1,14,0.3999,0.42,0.7927,7,1
WOH-00567,TV-300,0.9751,9,11,0.4092,0.25,0.5219,6,0
WOH-00568,TV-200,0.2779,9,12,0.3321,0.12,0.5906,4,0
WOH-00569,MON-100,,18,2,0.3537,0.42,1.5589,5,0
WOH-00570,MON-100,0.1216,21,3,0.2343,0.42,1.4584,2,0
WOH-00571,MON-100,1,6,0,0.7696,0.42,1.1647,6,0
WOH-00572,MON-200,0.2754,15,3,0.9446,0.31,6.4128,2,1
WOH-00573,MON-200,0.2926,12,5,0.1404,0.31,1.4877,3,1
WOH-00574,TV-200,0.876,2,5,0.4518,0.12,1.5717,3,1
WOH-00575,MON-100,0.2169,19,10,0.0723,0.42,1.52,5,1
WOH-00576,TV-300,0.4245,6,3,0.2434,0.25,0.8899,6,0
WOH-00577,TV-300,1,-6,0,0.7502,0.25,1.5807,7,1
WOH-00578,TV-300,0.0883,11,8,0.7597,0.25,0.7071,7,1
WOH-00579,TV-100,0.6574,-1,2,0.8263,0.18,1.5187,3,1
WOH-00580,TV-100,1,15,0,0.5444,0.18,0.734,2,0
WOH-00581,TV-100,0.7754,20,13,0.429,0.18,1.2874,3,1
WOH-00582,TV-100,0.9124,15,4,0.7221,0.18,0.5825,8,0
WOH-00583,TV-300,0.5803,-1,5,0.2216,0.25,0.8108,8,1
WOH-00584,TV-300,0.0623,20,7,0.7289,0.25,1.3375,3,0
WOH-00585,TV-200,1,-1,0,0.9187,0.12,1.5684,4,0
WOH-00586,TV-300,0.6196,-6,12,0.9114,0.25,1.5389,4,1
WOH-00587,MON-100,0.2562,11,12,0.3969,0.42,0.9537,7,0
WOH-00588,MON-200,,-6,6,0.8681,0.31,1.4112,7,1
WOH-00589,MON-100,1,4,0,0.0282,0.42,0.7808,3,0
WOH-00590,MON-100,0.4799,11,13,0.9405,0.42,0.7438,7,1
WOH-00591,TV-300,1,22,0,0.8542,0.25,0.7522,7,0
WOH-00592,TV-100,0.5131,-4,11,0.515,0.18,1.2233,5,1
WOH-00593,TV-300,0.3446,22,13,0.1834,0.25,1.2303,8,1
WOH-00594,TV-100,0.3803,5,4,0.3766,0.18,0.8297,7,0
WOH-00595,TV-300,0.5863,1,7,0.3733,0.25,1.4159,7,0
WOH-00596,MON-200,,16,0,0.1534,0.31,1.2794,4,0
WOH-00597,TV-100,0.3142,4,13,0.2165,0.18,1.3478,6,0
WOH-00598,MON-100,0.4725,8,10,0.9117,0.42,1.2439,5,1
WOH-00599,TV-200,0.6567,15,4,0.1086,0.12,1.3447,8,0
WOH-00600,TV-100,1,10,0,0.1141,0.18,1.1508,6,0
WOH-00601,MON-100,0.2871,14,2,0.9457,0.42,0.9974,4,1
WOH-00602,MON-100,0.0788,8,12,0.4625,0.42,1.5004,2,1
WOH-00603,TV-300,0.148,7,10,0.8301,0.25,1.175,2,1
WOH-00604,TV-200,0.8361,23,14,0.9209,0.12,1.3802,3,0
WOH-00605,TV-100,,2,13,0.7731,0.18,,3,1
WOH-00606,TV-300,0.0134,15,5,0.2137,0.25,0.9122,4,0
WOH-00607,MON-100,1,-5,0,0.8575,0.42,1.5682,2,0
WOH-00608,TV-200,1,4,0,0.2173,0.12,0.8687,6,0
WOH-00609,TV-100,1,1,0,0.5281,0.18,0.5305,4,0
WOH-00610,TV-200,0.6273,21,11,0.1951,0.12,0.8441,4,0
WOH-00611,TV-100,0.3471,21,4,0.9682,0.18,0.6223,8,0
WOH-00612,TV-100,0.7236,7,2,0.1562,0.18,1.1999,6,0
WOH-00613,MON-200,0.7037,7,13,0.2597,0.31,1.0576,3,1
WOH-00614,TV-100,,5,10,0.875,0.18,0.9259,8,1
WOH-00615,TV-300,0.2605,3,8,0.9478,0.25,0.6497,3,1
WOH-00616,MON-100,1,2,0,0.0734,0.42,1.3093,2,1
WOH-00617,TV-300,0.3214,24,9,0.0711,0.25,1.5699,8,1
WOH-00618,TV-100,0.2419,18,3,0.395,0.18,,8,1
WOH-00619,TV-300,,-3,0,0.9193,0.25,1.334,5,0
WOH-00620,MON-200,0.2255,24,9,0.0873,0.31,0.7377,7,0
WOH-00621,MON-200,0.9925,23,13,0.9237,0.31,1.0555,6,0
WOH-00622,MON-100,1,-5,0,0.2276,0.42,1.4149,6,1
WOH-00623,TV-200,0.1589,19,3,0.6692,0.12,1.1248,3,0
WOH-00624,TV-100,0.9289,12,12,0.4384,0.18,,7,0
WOH-00625,TV-300,0.1307,-1,9,0.9536,0.25,,4,0
WOH-00626,MON-200,0.8587,-4,7,0.0006,0.31,0.7688,6,1
WOH-00627,TV-300,0.4829,1,12,0.578,0.25,1.0567,5,1
WOH-00628,TV-100,,23,6,0.9566,0.18,0.7463,3,0
WOH-00629,MON-100,0.0575,4,9,0.8205,0.42,0.6385,3,1
WOH-00630,MON-100,0.1323,18,8,0.9772,0.42,0.7383,8,0
WOH-00631,MON-200,0.3357,16,7,0.6134,0.31,0.8067,7,0
WOH-00632,TV-100,1,9,0,0.9309,0.18,0.9728,8,1
WOH-00633,TV-300,0.4852,15,7,0.1009,0.25,0.6124,7,1
WOH-00634,TV-200,,18,9,0.8811,0.12,0.6821,3,0
WOH-00635,TV-100,0.8401,-6,5,0.6982,0.18,0.8495,4,1
WOH-00636,TV-300,0.9436,16,12,0.2164,0.25,0.6839,5,0
WOH-00637,MON-100,0.3723,22,13,0.1212,0.42,1.111,3,0
WOH-00638,TV-100,0.5723,10,5,0.3012,0.18,1.2618,7,0
WOH-00639,TV-200,0.4318,24,3,0.4911,0.12,0.9515,8,0
WOH-00640,MON-200,0.5827,-5,14,0.4106,0.31,0.5523,8,1
WOH-00641,MON-100,0.2963,11,10,0.8499,0.42,0.6326,8,0
WOH-00642,TV-200,0.1483,4,11,0.4073,0.12,0.5754,6,1
WOH-00643,MON-100,0.9641,7,8,0.8809,0.42,0.7055,6,1
WOH-00644,TV-300,0.4187,10,10,0.5022,0.25,1.3185,7,0
WOH-00645,MON-100,0.1652,-3,6,0.7467,0.42,8.8291,7,1
WOH-00646,TV-200,1,7,0,0.1821,0.12,0.8284,2,0
WOH-00647,TV-200,1,-4,0,0.1328,0.12,0.9532,4,0
WOH-00648,MON-100,0.1021,5,6,0.4464,0.42,0.9821,2,0
WOH-00649,TV-300,0.8606,3,6,0.8026,0.25,,2,0
WOH-00650,MON-100,0.9219,-4,11,0.0711,0.42,0.5588,2,1
WOH-00651,MON-200,,23,10,0.8384,0.31,1.1421,3,0
WOH-00652,MON-200,,24,13,0.2169,0.31,0.8416,5,1
WOH-00653,MON-200,0.8386,23,12,0.0057,0.31,1.3845,8,0
WOH-00654,TV-300,0.5445,2,3,0.3442,0.25,0.9893,4,0
WOH-00655,TV-100,0.2112,5,5,0.0714,0.18,1.1219,7,1
WOH-00656,MON-100,0.54,18,12,0.1031,0.42,,7,0
WOH-00657,MON-100,0.0269,6,12,0.0383,0.42,,8,1
WOH-00658,MON-100,0.9453,7,10,0.3375,0.42,1.2625,7,0
WOH-00659,TV-200,1,13,0,0.5672,0.12,1.1867,3,0
WOH-00660,MON-100,0.2777,14,11,0.7371,0.42,1.2669,4,0
WOH-00661,TV-300,0.4759,7,5,0.1428,0.25,0.6981,5,1
WOH-00662,TV-300,0.4566,-5,5,0.5067,0.25,0.7483,8,1
WOH-00663,MON-100,1,24,0,0.9226,0.42,1.5894,7,0
WOH-00664,TV-100,0.2193,24,2,0.2499,0.18,0.7558,5,1
WOH-00665,MON-200,0.7353,-4,3,0.716,0.31,,4,1
WOH-00666,TV-200,0.2182,0,10,0.1319,0.12,1.2623,4,1
WOH-00667,TV-100,0.5867,0,11,0.9853,0.18,1.1635,2,1
WOH-00668,MON-200,1,16,0,0.4969,0.31,1.3179,5,0
WOH-00669,TV-300,0.0543,12,6,0.9224,0.25,1.2348,2,0
WOH-00670,MON-100,,-6,7,0.0426,0.42,0.7941,8,0
WOH-00671,MON-200,1,21,0,0.6283,0.31,1.2288,4,0
WOH-00672,MON-100,0.44,1,3,0.0832,0.42,0.5084,3,0
WOH-00673,TV-300,0.8491,-6,7,0.0756,0.25,1.2339,3,1
WOH-00674,TV-300,0.9074,6,14,0.6241,0.25,0.729,4,1
WOH-00675,TV-300,0.1613,18,14,0.3813,0.25,1.4119,5,0
WOH-00676,MON-100,1,3,0,0.7025,0.42,1.2307,4,0
WOH-00677,MON-200,0.7034,3,9,0.8266,0.31,0.701,7,0
WOH-00678,TV-300,,1,0,0.3772,0.25,1.56,8,0
WOH-00679,MON-200,0.8291,21,10,0.4834,0.31,0.7109,5,0
WOH-00680,MON-200,0.097,1,11,0.6159,0.31,1.1678,4,0
WOH-00681,TV-300,0.4817,23,10,0.2441,0.25,1.2362,4,1
WOH-00682,TV-300,0.5978,1,6,0.4014,0.25,0.806,2,0
WOH-00683,MON-100,0.2845,20,4,0.7782,0.42,1.5161,2,0
WOH-00684,MON-200,0.9818,21,5,0.4122,0.31,1.4465,2,0
WOH-00685,MON-200,1,12,0,0.2013,0.31,1.1488,4,0
WOH-00686,TV-300,0.952,-3,6,0.4625,0.25,0.5871,4,1
WOH-00687,TV-200,0.4484,19,8,0.1127,0.12,0.8178,6,1
WOH-00688,TV-300,0.3922,19,3,0.1038,0.25,0.6047,4,0
WOH-00689,MON-200,0.6175,13,4,0.8326,0.31,,4,0
WOH-00690,TV-300,0.8689,19,5,0.1379,0.25,1.474,5,0
WOH-00691,TV-100,0.2922,0,5,0.3366,0.18,0.786,6,1
WOH-00692,TV-200,0.7448,8,6,0.3023,0.12,,4,0
WOH-00693,MON-200,,18,5,0.6512,0.31,0.5839,4,0
WOH-00694,TV-300,0.7184,15,14,0.1595,0.25,1.0684,3,0
WOH-00695,TV-200,0.4744,-2,6,0.3703,0.12,1.3322,6,1
WOH-00696,TV-200,1,24,0,0.5018,0.12,0.8709,2,0
WOH-00697,MON-100,0.6876,-2,4,0.1521,0.42,1.4975,8,1
WOH-00698,MON-200,1,23,0,0.0051,0.31,1.1298,5,0
WOH-00699,TV-200,0.2048,10,10,0.0702,0.12,0.7089,3,1
WOH-00700,MON-100,0.2564,12,7,0.4579,0.42,1.5088,5,0
WOH-00701,TV-200,0.43,-3,8,0.7343,0.12,1.3665,4,0
WOH-00702,MON-100,0.2525,19,8,0.7547,0.42,0.6923,7,0
WOH-00703,TV-300,1,1,0,0.7871,0.25,0.649,7,0
WOH-00704,MON-100,0.0828,16,11,0.4349,0.42,1.5326,8,1
WOH-00705,MON-200,0.1021,-6,3,0.2183,0.31,1.1722,7,1
WOH-00706,MON-100,0.6141,13,11,0.1139,0.42,1.2061,6,1
WOH-00707,TV-100,0.5143,6,8,0.4116,0.18,,4,1
WOH-00708,MON-100,0.1229,16,2,0.3842,0.42,0.7398,4,1
WOH-00709,TV-300,0.3475,0,6,0.164,0.25,1.4259,6,0
WOH-00710,MON-100,0.2223,2,14,0.1013,0.42,1.2828,2,1
WOH-00711,MON-200,0.6656,3,12,0.4994,0.31,0.6247,6,1
WOH-00712,TV-100,0.7405,2,7,0.7812,0.18,0.7593,8,0
WOH-00713,TV-300,0.476,21,12,0.6479,0.25,0.5222,4,0
WOH-00714,TV-200,0.9359,7,2,0.3812,0.12,1.4757,3,0
WOH-00715,TV-200,0.7848,5,6,0.6275,0.12,0.7162,2,0
WOH-00716,MON-200,0.8403,-5,12,0.067,0.31,0.6481,7,1
WOH-00717,MON-100,1,5,0,0.6301,0.42,0.9275,8,0
WOH-00718,TV-300,0.7389,-5,11,0.1675,0.25,1.0079,3,1
WOH-00719,MON-100,0.9571,6,5,0.5418,0.42,0.8011,3,0
WOH-00720,MON-100,0.9615,9,6,0.2974,0.42,1.1639,2,0
WOH-00721,TV-100,0.4368,14,3,0.4706,0.18,0.9182,5,1
WOH-00722,TV-300,0.8666,24,9,0.4579,0.25,,6,0
WOH-00723,MON-200,1,19,0,0.0012,0.31,1.3926,8,1
WOH-00724,MON-200,0.1863,13,2,0.3115,0.31,0.9274,4,1
WOH-00725,MON-200,0.6254,13,7,0.9924,0.31,0.6235,6,0
WOH-00726,TV-100,0.7375,5,10,0.0368,0.18,1.1031,2,1
WOH-00727,TV-300,0.4838,4,5,0.8043,0.25,1.4044,4,1
WOH-00728,TV-100,0.6094,22,13,0.6123,0.18,1.3904,3,0
WOH-00729,TV-100,0.8109,5,9,0.605,0.18,1.307,6,1
WOH-00730,MON-100,0.5347,-2,3,0.0656,0.42,0.5311,2,0
WOH-00731,MON-100,0.1682,18,5,0.5394,0.42,1.3653,2,0
WOH-00732,TV-200,,16,0,0.4715,0.12,1.1961,7,0
WOH-00733,TV-100,0.7823,-3,10,0.7615,0.18,0.6992,8,1
WOH-00734,TV-200,1,6,0,0.0658,0.12,0.7552,7,1
WOH-00735,MON-100,0.2145,2,10,0.2653,0.42,0.8992,5,1
WOH-00736,TV-200,0.5028,-3,5,0.4705,0.12,1.1459,3,1
WOH-00737,TV-200,0.2734,17,4,0.5608,0.12,0.7348,4,1
WOH-00738,TV-200,0.6159,15,3,0.6049,0.12,0.6466,4,0
WOH-00739,TV-100,,5,7,0.8787,0.18,0.601,3,1
WOH-00740,TV-200,0.3175,10,5,0.9841,0.12,1.5285,7,1
WOH-00741,TV-300,0.1143,10,11,0.1771,0.25,0.9103,7,1
WOH-00742,TV-300,1,-1,0,0.821,0.25,1.0284,4,0
WOH-00743,MON-200,0.6764,-2,10,0.526,0.31,1.16,8,1
WOH-00744,MON-100,0.6372,7,14,0.8394,0.42,0.7091,8,0
WOH-00745,TV-100,0.8637,21,7,0.7253,0.18,0.8885,4,0
WOH-00746,TV-100,0.8692,3,9,0.4926,0.18,1.0943,6,1
WOH-00747,TV-100,0.4247,7,5,0.4792,0.18,0.5606,2,1
WOH-00748,MON-100,0.5528,21,3,0.4289,0.42,1.4904,4,1
WOH-00749,TV-300,0.3807,-3,13,0.5903,0.25,0.7826,8,1
WOH-00750,TV-300,0.0591,-5,4,0.5179,0.25,7.2679,2,1
WOH-00751,TV-200,0.9645,10,2,0.209,0.12,1.514,7,0
WOH-00752,TV-100,0.6334,19,12,0.7747,0.18,0.9715,2,1
WOH-00753,TV-100,0.7795,2,4,0.6557,0.18,1.4361,4,0
WOH-00754,TV-200,0.8485,-2,11,0.6643,0.12,1.4896,5,1
WOH-00755,MON-200,0.537,8,3,0.8289,0.31,1.5214,3,1
WOH-00756,MON-100,0.5791,18,8,0.9968,0.42,1.2858,7,0
WOH-00757,MON-200,0.4115,6,10,0.6518,0.31,1.272,8,0
WOH-00758,MON-200,0.3329,12,4,0.1026,0.31,1.4801,8,0
WOH-00759,TV-100,0.0778,15,4,0.4141,0.18,0.9966,2,0
WOH-00760,TV-200,0.6007,12,11,0.7175,0.12,1.4656,3,0
WOH-00761,TV-100,0.72,19,8,0.4316,0.18,1.1228,2,0
WOH-00762,TV-100,0.884,10,13,0.6628,0.18,0.5894,2,0
WOH-00763,MON-200,0.2273,-5,2,0.3909,0.31,0.6998,6,1
WOH-00764,MON-100,,7,9,0.2912,0.42,0.6244,3,0
WOH-00765,MON-200,0.4031,0,7,0.5473,0.31,0.6486,3,0
WOH-00766,TV-200,0.1158,3,3,0.6402,0.12,0.5383,6,1
WOH-00767,MON-100,0.5825,15,6,0.9545,0.42,0.9686,6,0
WOH-00768,TV-300,0.1804,23,12,0.7555,0.25,,7,0
WOH-00769,TV-100,0.9417,-4,9,0.9656,0.18,0.9186,6,1
WOH-00770,TV-100,0.5226,19,2,0.5229,0.18,1.2124,8,0
WOH-00771,TV-200,0.1094,18,5,0.594,0.12,1.503,7,0
WOH-00772,TV-300,0.9374,13,13,0.7763,0.25,1.4403,2,0
WOH-00773,TV-300,0.0896,3,11,0.4155,0.25,0.9856,6,1
WOH-00774,TV-200,0.4475,14,10,0.3254,0.12,0.9132,4,0
WOH-00775,TV-100,0.0103,24,9,0.3085,0.18,0.8775,4,1
WOH-00776,TV-200,0.041,4,14,0.8018,0.12,1.2812,8,0
WOH-00777,TV-100,0.4896,12,7,0.9195,0.18,0.8452,4,0
WOH-00778,TV-200,0.1286,8,4,0.6016,0.12,1.5704,6,0
WOH-00779,TV-100,0.4966,18,5,0.2844,0.18,0.6863,2,1
WOH-00780,MON-100,0.989,1,13,0.0203,0.42,1.3131,6,0
WOH-00781,MON-200,0.8882,5,11,0.0695,0.31,0.6984,4,1
WOH-00782,TV-200,0.1756,4,12,0.5879,0.12,0.99,7,0
WOH-00783,MON-100,0.9107,-2,5,0.5712,0.42,,8,1
WOH-00784,TV-200,0.925,3,4,0.4929,0.12,0.7564,4,0
WOH-00785,TV-300,0.4423,18,7,0.855,0.25,0.716,6,0
WOH-00786,MON-200,0.0519,-3,8,0.2517,0.31,0.837,4,1
WOH-00787,MON-200,0.259,1,9,0.4625,0.31,0.5562,2,1
WOH-00788,MON-100,0.798,-2,13,0.2028,0.42,0.6832,4,1
WOH-00789,TV-100,0.9473,2,4,0.1341,0.18,0.6749,8,0
WOH-00790,TV-300,0.1081,8,9,0.307,0.25,0.8565,8,0
WOH-00791,TV-100,0.454,5,5,0.7716,0.18,1.2029,7,0
WOH-00792,MON-100,0.9723,-1,12,0.5252,0.42,1.091,4,0
WOH-00793,MON-100,0.882,21,13,0.3443,0.42,0.6157,6,0
WOH-00794,MON-100,0.7409,23,13,0.0457,0.42,0.6821,4,1
WOH-00795,TV-100,0.1768,3,5,0.8723,0.18,17.7854,8,0
WOH-00796,TV-300,,-1,3,0.5629,0.25,1.0742,2,0
WOH-00797,TV-200,1,6,0,0.1572,0.12,1.3735,5,0
WOH-00798,MON-100,0.4943,-5,6,0.7468,0.42,0.848,4,1
WOH-00799,TV-200,0.1955,-5,2,0.3036,0.12,1.3763,6,1
WOH-00800,TV-300,0.6561,9,10,0.7879,0.25,1.261,2,0
WOH-00801,TV-200,0.2023,2,9,0.124,0.12,1.1179,7,1
WOH-00802,MON-100,0.4966,11,3,0.8348,0.42,1.5614,2,1
WOH-00803,TV-300,0.7574,15,6,0.8828,0.25,1.4381,8,0
WOH-00804,TV-200,0.0632,12,8,0.6262,0.12,0.5413,3,1
WOH-00805,TV-100,1,8,0,0.2681,0.18,0.8541,2,0
WOH-00806,TV-200,0.981,7,11,0.4287,0.12,1.4836,6,1
WOH-00807,MON-100,0.4094,11,11,0.7304,0.42,1.0058,4,0
WOH-00808,TV-300,0.437,13,12,0.763,0.25,0.9653,6,0
WOH-00809,MON-200,0.3403,16,4,0.005,0.31,0.8538,5,1
WOH-00810,MON-100,0.3304,0,7,0.3464,0.42,1.2206,5,1
WOH-00811,MON-200,1,7,0,0.9827,0.31,0.8093,2,0
WOH-00812,TV-200,0.8508,-2,7,0.9614,0.12,0.8131,8,0
WOH-00813,TV-200,0.2629,-1,2,0.7374,0.12,1.4459,5,0
WOH-00814,TV-100,1,9,0,0.1762,0.18,1.2114,2,0
WOH-00815,MON-100,0.2217,0,8,0.4121,0.42,1.1657,5,1
WOH-00816,MON-100,,23,8,0.6039,0.42,1.3423,6,1
WOH-00817,TV-100,0.9006,16,14,0.577,0.18,1.0036,2,0
WOH-00818,TV-200,0.42,-5,9,0.4857,0.12,0.8881,4,1
WOH-00819,MON-100,0.6513,13,14,0.1785,0.42,0.8045,7,0
WOH-00820,TV-300,,11,13,0.5764,0.25,1.2219,3,1
WOH-00821,MON-100,0.1447,24,9,0.7591,0.42,20.2072,2,0
WOH-00822,TV-100,0.0006,7,10,0.7993,0.18,1.5018,6,0
WOH-00823,TV-200,0.8904,13,10,0.4619,0.12,,6,0
WOH-00824,MON-200,0.2862,21,3,0.7919,0.31,0.7846,6,1
WOH-00825,MON-100,0.9228,13,13,0.1652,0.42,0.8155,4,0
WOH-00826,TV-100,0.5142,8,9,0.2774,0.18,1.201,4,1
WOH-00827,TV-300,0.9387,21,10,0.8127,0.25,1.0114,5,0
WOH-00828,TV-300,0.5879,7,6,0.0967,0.25,1.4653,6,1
WOH-00829,MON-100,0.0221,23,11,0.1534,0.42,1.1878,6,1
WOH-00830,TV-200,0.6898,9,14,0.6279,0.12,1.1388,2,0
WOH-00831,TV-100,0.1072,4,14,0.3319,0.18,0.5063,8,1
WOH-00832,TV-200,0.8872,-4,11,0.6238,0.12,0.7817,3,1
WOH-00833,MON-200,0.7406,10,13,0.5152,0.31,0.6774,8,1
WOH-00834,MON-200,0.7525,5,10,0.311,0.31,1.1435,5,0
WOH-00835,TV-200,0.3568,0,4,0.3769,0.12,0.712,3,1
WOH-00836,TV-200,,20,10,0.6791,0.12,1.318,5,1
WOH-00837,TV-300,0.6828,1,14,0.5743,0.25,0.559,7,1
WOH-00838,TV-300,0.7297,18,2,0.9636,0.25,1.0031,8,1
WOH-00839,MON-100,0.9972,-1,14,0.1879,0.42,0.6274,6,1
WOH-00840,TV-300,0.2904,9,3,0.0423,0.25,1.575,5,0
WOH-00841,TV-300,,5,12,0.1237,0.25,0.5105,8,1
WOH-00842,TV-300,,8,2,0.0425,0.25,1.4262,4,0
WOH-00843,TV-300,0.8688,5,2,0.1905,0.25,0.8822,5,1
WOH-00844,MON-100,0.9836,6,13,0.3019,0.42,0.6705,4,1
WOH-00845,TV-200,0.4865,17,13,0.3292,0.12,1.5967,7,0
WOH-00846,MON-100,1,-6,0,0.0889,0.42,1.0457,3,1
WOH-00847,TV-100,0.5227,8,7,0.1324,0.18,1.2289,3,0
WOH-00848,MON-100,,13,11,0.1616,0.42,,2,0
WOH-00849,MON-200,0.4802,-2,5,0.4287,0.31,1.4202,3,1
WOH-00850,TV-200,0.9996,12,0,0.6248,0.12,0.8069,2,0
WOH-00851,MON-200,0.5854,20,7,0.387,0.31,0.8918,7,0
WOH-00852,TV-300,1,6,0,0.7764,0.25,1.4495,8,0
WOH-00853,MON-200,0.9981,11,11,0.7714,0.31,0.7952,2,0
WOH-00854,MON-100,0.6599,6,13,0.1614,0.42,1.0242,5,0
WOH-00855,MON-100,1,4,0,0.1002,0.42,1.3721,8,0
WOH-00856,TV-200,0.9347,12,2,0.0683,0.12,,7,0
WOH-00857,MON-100,0.233,8,2,0.8233,0.42,0.9711,4,0
WOH-00858,TV-100,1,22,0,0.0148,0.18,1.1115,3,0
WOH-00859,TV-300,0.0632,11,7,0.3828,0.25,1.2658,6,1
WOH-00860,TV-100,0.7313,17,2,0.0894,0.18,0.8377,7,0
WOH-00861,TV-100,0.1724,-3,5,0.0093,0.18,0.6152,5,1
WOH-00862,MON-200,0.0052,22,3,0.9604,0.31,1.0765,8,1
WOH-00863,MON-100,,0,4,0.6471,0.42,0.8359,5,1
WOH-00864,TV-200,0.4177,15,3,0.2121,0.12,1.4779,7,1
WOH-00865,MON-200,0.6554,24,13,0.3764,0.31,1.0784,8,0
WOH-00866,TV-300,0.3458,-5,3,0.7349,0.25,0.6721,7,1
WOH-00867,TV-300,0.9589,-4,10,0.8776,0.25,1.4778,4,0
WOH-00868,MON-200,0.7456,-3,11,0.0975,0.31,1.3707,7,1
WOH-00869,TV-300,0.7934,-2,12,0.061,0.25,,4,1
WOH-00870,TV-200,0.4945,4,9,0.4902,0.12,0.9042,5,1
WOH-00871,TV-100,0.0622,-5,3,0.9448,0.18,1.4089,7,1
WOH-00872,TV-100,0.853,10,13,0.8213,0.18,1.3538,2,1
WOH-00873,MON-100,0.2214,5,7,0.4049,0.42,1.0797,5,1
WOH-00874,TV-100,0.5752,6,13,0.2482,0.18,1.2414,2,0
WOH-00875,TV-300,0.6589,11,14,0.4862,0.25,1.4812,7,0
WOH-00876,TV-200,0.333,3,7,0.1137,0.12,1.3904,8,1
WOH-00877,MON-200,0.187,19,5,0.4633,0.31,1.1664,2,1
WOH-00878,TV-300,0.5528,21,14,0.0865,0.25,1.124,4,1
WOH-00879,MON-200,0.8413,20,7,0.6121,0.31,0.6475,2,1
WOH-00880,TV-100,0.6235,-6,13,0.7644,0.18,0.6287,8,1
WOH-00881,TV-300,1,-1,0,0.1139,0.25,0.9925,6,1
WOH-00882,MON-100,0.8805,12,9,0.6471,0.42,1.1025,5,0
WOH-00883,TV-200,0.6179,6,8,0.046,0.12,1.2483,6,1
WOH-00884,MON-100,1,23,0,0.6423,0.42,1.5881,2,0
WOH-00885,TV-100,0.2082,9,6,0.3,0.18,,4,0
WOH-00886,MON-100,0.6631,-5,4,0.112,0.42,0.5448,3,1
WOH-00887,TV-300,0.8094,12,13,0.1753,0.25,1.2326,8,0
WOH-00888,MON-200,0.6175,5,5,0.1638,0.31,1.1714,6,1
WOH-00889,MON-100,0.8902,23,13,0.4254,0.42,1.1652,6,0
WOH-00890,MON-100,0.2732,-3,2,0.8157,0.42,0.9143,4,1
WOH-00891,MON-100,1,6,0,0.3833,0.42,1.3834,2,0
WOH-00892,TV-200,0.8088,-3,9,0.1248,0.12,0.79,4,1
WOH-00893,TV-300,0.5575,12,10,0.7832,0.25,0.835,5,1
WOH-00894,TV-200,0.2164,2,2,0.4396,0.12,0.7254,3,1
WOH-00895,MON-100,0.9464,-1,8,0.9715,0.42,0.5394,7,0
WOH-00896,TV-100,0.5834,-3,2,0.8494,0.18,,5,0
WOH-00897,TV-300,0.004,3,5,0.964,0.25,1.3321,5,1
WOH-00898,TV-300,0.1356,-4,2,0.8104,0.25,0.5843,7,1
WOH-00899,TV-300,0.092,-1,6,0.31,0.25,1.053,3,0
WOH-00900,MON-100,0.8687,18,12,0.4261,0.42,0.7515,5,1
WOH-00901,MON-100,0.1269,13,8,0.5241,0.42,1.2654,7,1
WOH-00902,TV-200,0.1824,17,8,0.5967,0.12,0.818,2,1
WOH-00903,MON-200,1,18,0,0.0015,0.31,0.7052,3,0
WOH-00904,TV-100,0.9991,15,0,0.4753,0.18,0.6088,2,1
WOH-00905,MON-200,0.3076,8,2,0.5413,0.31,1.1841,5,0
WOH-00906,MON-200,0.6578,21,12,0.0523,0.31,0.96,5,1
WOH-00907,MON-100,1,19,0,0.0065,0.42,0.6314,7,0
WOH-00908,TV-200,0.6282,-2,10,0.3375,0.12,1.4058,8,1
WOH-00909,TV-300,0.2345,1,14,0.4122,0.25,1.3615,4,1
WOH-00910,MON-100,0.9292,9,13,0.1882,0.42,0.9165,6,0
WOH-00911,TV-300,0.8461,-3,4,0.069,0.25,0.557,2,1
WOH-00912,TV-300,1,5,0,0.3598,0.25,0.7897,4,0
WOH-00913,TV-200,0.3776,-6,2,0.0599,0.12,,4,0
WOH-00914,TV-100,0.7779,14,4,0.8787,0.18,1.5309,6,0
WOH-00915,TV-100,0.3338,-6,4,0.668,0.18,0.9786,3,1
WOH-00916,TV-300,0.0754,-6,2,0.1852,0.25,1.5554,7,1
WOH-00917,MON-100,0.0903,10,11,0.2468,0.42,1.4628,6,0
WOH-00918,TV-100,,15,4,0.8023,0.18,0.8396,5,0
WOH-00919,TV-300,0.5951,12,3,0.3624,0.25,1.5949,7,1
WOH-00920,TV-300,0.5235,2,11,0.5613,0.25,,8,1
WOH-00921,TV-200,0.3094,13,3,0.6518,0.12,0.9488,8,0
WOH-00922,MON-100,0.3116,8,8,0.6367,0.42,1.4942,7,1
WOH-00923,MON-200,0.0253,17,6,0.197,0.31,0.5964,2,0
WOH-00924,MON-100,1,-4,0,0.7637,0.42,1.0419,6,0
WOH-00925,TV-200,0.1106,2,6,0.3314,0.12,0.8112,8,1
WOH-00926,MON-100,0.7538,13,8,0.5631,0.42,1.2552,8,1
WOH-00927,MON-100,0.9471,-5,12,0.099,0.42,0.8559,3,1
WOH-00928,TV-300,0.8706,17,7,0.7354,0.25,0.7352,7,0
WOH-00929,TV-300,0.1531,3,3,0.185,0.25,1.0457,4,1
WOH-00930,MON-200,0.1529,-1,14,0.8914,0.31,0.7548,2,1
WOH-00931,TV-300,0.6372,6,2,0.36,0.25,1.4584,4,0
WOH-00932,TV-100,0.1594,22,4,0.1345,0.18,0.5735,6,1
WOH-00933,TV-100,0.9345,19,4,0.1023,0.18,0.8138,7,0
WOH-00934,TV-100,0.3639,21,10,0.1213,0.18,1.5908,2,1
WOH-00935,MON-200,0.9488,-6,5,0.7004,0.31,0.7006,6,0
WOH-00936,TV-100,0.256,9,3,0.151,0.18,1.0657,4,1
WOH-00937,TV-100,,2,4,0.1043,0.18,1.4819,4,1
WOH-00938,MON-200,0.6019,17,6,0.851,0.31,1.0477,3,0
WOH-00939,TV-200,0.054,-2,10,0.805,0.12,0.9634,7,1
WOH-00940,TV-300,0.5323,12,7,0.3751,0.25,0.706,6,0
WOH-00941,MON-100,0.0608,15,7,0.0146,0.42,1.416,5,1
WOH-00942,MON-100,0.8793,24,7,0.2561,0.42,1.4207,6,1
WOH-00943,TV-300,0.9387,22,3,0.6609,0.25,1.1711,5,0
WOH-00944,MON-100,0.4258,-6,13,0.7221,0.42,0.815,3,1
WOH-00945,TV-100,0.3021,16,8,0.6428,0.18,1.3703,3,0
WOH-00946,TV-300,0.4027,-2,13,0.8531,0.25,0.9427,7,1
WOH-00947,TV-300,0.8129,3,3,0.9649,0.25,1.5423,6,0
WOH-00948,TV-300,1,13,0,0.4226,0.25,0.8631,3,0
WOH-00949,MON-200,0.1594,2,10,0.3806,0.31,1.2648,5,1
WOH-00950,TV-300,0.542,-5,11,0.6405,0.25,1.2634,3,1
WOH-00951,TV-300,0.8829,7,13,0.6443,0.25,7.5337,3,0
WOH-00952,MON-200,0.2582,14,9,0.5699,0.31,0.5032,7,1
WOH-00953,TV-200,0.6021,16,10,0.697,0.12,0.8743,8,0
WOH-00954,MON-100,,20,5,0.7829,0.42,1.2331,3,0
WOH-00955,TV-200,0.6148,-5,7,0.9161,0.12,1.533,5,1
WOH-00956,TV-200,0.465,4,7,0.9766,0.12,1.1758,4,0
WOH-00957,TV-100,0.6108,2,10,0.5177,0.18,0.9707,3,1
WOH-00958,MON-200,0.6596,8,6,0.2566,0.31,1.0981,7,1
WOH-00959,MON-200,0.8813,10,7,0.613,0.31,1.4718,8,1
WOH-00960,MON-100,1,11,0,0.0419,0.42,0.9225,6,0
WOH-00961,TV-200,0.1625,-5,4,0.068,0.12,1.1477,8,1
WOH-00962,MON-100,1,18,0,0.9168,0.42,0.8112,4,1
WOH-00963,MON-100,0.3896,24,11,0.6546,0.42,0.9467,8,0
WOH-00964,MON-200,0.6586,14,12,0.5282,0.31,1.2837,2,0
WOH-00965,TV-100,,14,3,0.8367,0.18,0.762,6,0
WOH-00966,TV-100,0.9501,1,3,0.9071,0.18,0.7432,7,0
WOH-00967,MON-100,0.7177,9,12,0.6678,0.42,1.4658,5,0
WOH-00968,MON-100,0.9343,15,13,0.549,0.42,0.7965,2,0
WOH-00969,TV-200,1,10,0,0.413,0.12,0.5251,5,0
WOH-00970,MON-200,0.853,17,11,0.2125,0.31,1.1593,5,1
WOH-00971,TV-100,0.6072,21,9,0.8317,0.18,1.2527,3,0
WOH-00972,MON-100,0.4033,-5,13,0.2473,0.42,1.0427,3,1
WOH-00973,MON-100,0.6402,20,10,0.7341,0.42,1.196,7,0
WOH-00974,TV-100,1,20,0,0.739,0.18,1.4726,3,0
WOH-00975,TV-300,,12,13,0.3902,0.25,0.5503,3,0
WOH-00976,MON-200,0.9702,12,7,0.1957,0.31,0.5878,4,1
WOH-00977,MON-200,0.7201,7,2,0.2459,0.31,1.2252,3,1
WOH-00978,TV-100,,7,7,0.031,0.18,1.2918,6,0
WOH-00979,MON-200,0.9003,8,4,0.6306,0.31,0.8466,8,0
WOH-00980,MON-100,0.245,14,3,0.8697,0.42,1.1229,4,0
WOH-00981,MON-100,,-5,0,0.3343,0.42,0.7842,4,1
WOH-00982,TV-200,0.2215,23,9,0.0697,0.12,1.12,2,0
WOH-00983,TV-300,0.0583,10,14,0.8108,0.25,1.2154,7,1
WOH-00984,MON-100,0.304,13,10,0.0837,0.42,1.0791,3,0
WOH-00985,TV-300,,5,4,0.83,0.25,1.4027,2,1
WOH-00986,MON-100,0.4035,10,10,0.1838,0.42,1.0653,8,0
WOH-00987,TV-300,0.4018,12,11,0.9223,0.25,,7,0
WOH-00988,TV-300,,14,4,0.9661,0.25,1.0133,6,0
WOH-00989,MON-100,1,13,0,0.5461,0.42,1.1026,5,0
WOH-00990,MON-200,0.5527,0,6,0.3689,0.31,0.5192,4,0
WOH-00991,MON-200,0.5887,3,14,0.4918,0.31,1.0415,7,1
WOH-00992,MON-100,0.3478,6,4,0.8633,0.42,1.1564,8,0
WOH-00993,MON-100,0.1641,4,9,0.3923,0.42,0.6719,8,0
WOH-00994,MON-200,0.5686,17,5,0.7899,0.31,0.5777,7,0
WOH-00995,MON-100,0.0899,-6,12,0.1872,0.42,1.3658,2,1
WOH-00996,TV-100,0.1731,16,10,0.6646,0.18,1.0399,5,1
WOH-00997,TV-300,0.7686,16,8,0.9698,0.25,1.324,6,0
WOH-00998,TV-100,0.0804,15,10,0.107,0.18,1.2494,8,1
WOH-00999,MON-200,0.1821,-6,9,0.9185,0.31,,2,1
WOH-01000,TV-200,0.0762,12,10,0.3408,0.12,1.5761,8,0
WOH-01001,TV-200,0.9116,18,6,0.3434,0.12,0.9637,4,0
WOH-01002,TV-300,,-6,8,0.4469,0.25,0.7501,7,1
WOH-01003,TV-200,0.0629,12,10,0.3821,0.12,1.1683,3,1
WOH-01004,TV-100,0.8286,15,12,0.7544,0.18,1.0666,5,0
WOH-01005,TV-300,0.4399,4,10,0.4327,0.25,0.7208,8,1
WOH-01006,TV-300,0.7813,17,12,0.4051,0.25,1.1686,3,1
WOH-01007,TV-200,1,8,0,0.9862,0.12,,3,0
WOH-01008,MON-100,1,1,0,0.5277,0.42,0.5449,7,0
WOH-01009,TV-200,0.0137,-4,11,0.7407,0.12,1.0729,4,1
WOH-01010,MON-100,,10,11,0.9857,0.42,0.5279,4,0
WOH-01011,MON-100,0.6571,21,9,0.5615,0.42,0.9541,5,0
WOH-01012,MON-200,0.2496,17,11,0.2198,0.31,1.5859,5,0
WOH-01013,TV-200,1,16,0,0.8619,0.12,1.4323,4,0
WOH-01014,TV-100,,19,9,0.2762,0.18,1.4161,7,0
WOH-01015,MON-100,0.3048,13,7,0.7789,0.42,1.0485,2,1
WOH-01016,TV-200,0.7879,11,3,0.0888,0.12,1.3796,7,0
WOH-01017,TV-200,0.492,2,13,0.0684,0.12,0.8657,8,1
WOH-01018,MON-200,1,3,0,0.8618,0.31,0.6243,8,0
WOH-01019,TV-200,0.2928,15,9,0.9463,0.12,0.7777,8,1
WOH-01020,MON-200,0.2579,-1,2,0.4542,0.31,0.5646,2,1
WOH-01021,TV-100,0.573,21,9,0.3294,0.18,1.5541,4,0
WOH-01022,MON-200,0.9131,23,3,0.9285,0.31,1.1511,4,0
WOH-01023,TV-300,1,18,0,0.1686,0.25,0.5733,5,1
WOH-01024,TV-200,0.4083,5,11,0.616,0.12,0.8414,6,1
WOH-01025,MON-100,0.1399,23,5,0.3558,0.42,0.8755,2,1
WOH-01026,MON-200,0.203,0,13,0.0842,0.31,0.9596,7,1
WOH-01027,TV-200,1,17,0,0.6124,0.12,0.5778,6,1
WOH-01028,TV-100,0.119,3,10,0.5237,0.18,0.7364,5,1
WOH-01029,TV-200,0.1326,17,5,0.4842,0.12,1.295,3,1
WOH-01030,TV-200,,7,3,0.5523,0.12,1.0495,3,0
WOH-01031,MON-100,0.8539,3,4,0.0159,0.42,0.7329,6,0
WOH-01032,MON-200,0.4622,11,6,0.2102,0.31,0.7211,8,1
WOH-01033,MON-100,0.4754,13,7,0.9318,0.42,0.982,3,0
WOH-01034,TV-200,0.0213,-5,2,0.0441,0.12,1.0536,7,1
WOH-01035,TV-300,0.908,-5,13,0.1863,0.25,1.3074,7,1
WOH-01036,TV-200,0.2161,17,7,0.3349,0.12,1.5389,5,1
WOH-01037,TV-100,0.9513,5,7,0.7946,0.18,0.8076,6,0
WOH-01038,MON-200,0.3635,0,5,0.1558,0.31,0.863,3,1
WOH-01039,MON-100,0.477,12,5,0.419,0.42,1.0597,3,1
WOH-01040,MON-200,0.4879,4,5,0.6361,0.31,,2,1
WOH-01041,TV-100,0.858,3,4,0.6022,0.18,1.1857,8,0
WOH-01042,MON-200,0.7984,6,7,0.0709,0.31,0.802,4,1
WOH-01043,MON-100,1,23,0,0.4486,0.42,0.5732,5,0
WOH-01044,TV-200,0.1407,4,10,0.4897,0.12,1.5813,4,0
WOH-01045,TV-200,0.2618,-1,14,0.8011,0.12,0.9074,4,1
WOH-01046,MON-100,0.7905,6,8,0.2366,0.42,1.5529,4,0
WOH-01047,MON-100,,20,6,0.1989,0.42,1.0028,7,1
WOH-01048,TV-300,0.56,12,11,0.8344,0.25,1.4265,2,0
WOH-01049,TV-200,0.9397,20,2,0.4701,0.12,0.7694,8,0
WOH-01050,TV-200,1,4,0,0.0128,0.12,0.5795,4,0
WOH-01051,MON-100,0.4153,13,10,0.1633,0.42,0.5339,3,0
WOH-01052,MON-200,0.6921,18,9,0.7242,0.31,0.5659,8,1
WOH-01053,TV-300,0.5857,-4,9,0.2866,0.25,0.9778,4,1
WOH-01054,TV-300,0.6462,18,7,0.163,0.25,0.8329,4,0
WOH-01055,MON-200,0.9884,17,8,0.394,0.31,0.877,6,0
WOH-01056,TV-300,0.7307,3,7,0.2589,0.25,1.1359,4,1
WOH-01057,MON-200,0.5931,15,11,0.8738,0.31,1.5678,7,0
WOH-01058,MON-100,0.9925,-4,2,0.6507,0.42,1.1841,7,0
WOH-01059,TV-100,1,0,0,0.8695,0.18,1.4732,7,0
WOH-01060,TV-300,0.7556,20,9,0.937,0.25,1.1091,3,0
WOH-01061,MON-200,,4,8,0.8745,0.31,0.8544,3,0
WOH-01062,TV-300,0.8588,23,11,0.7622,0.25,1.3342,2,0
WOH-01063,MON-100,0.014,20,14,0.4651,0.42,0.5509,3,1
WOH-01064,TV-200,0.3347,-5,13,0.9597,0.12,0.6517,3,1
WOH-01065,MON-100,0.6309,4,8,0.2423,0.42,1.1672,6,0
WOH-01066,TV-200,0.3061,24,2,0.8626,0.12,1.5751,6,0
WOH-01067,MON-100,0.2787,3,14,0.4355,0.42,0.9221,8,1
WOH-01068,MON-100,0.7753,23,8,0.6998,0.42,0.523,2,0
WOH-01069,TV-100,0.0899,23,8,0.584,0.18,0.6683,3,1
WOH-01070,MON-200,,5,13,0.0686,0.31,0.5928,6,0
WOH-01071,TV-100,0.0488,21,13,0.4588,0.18,1.0965,8,0
WOH-01072,TV-200,0.4131,-5,3,0.3799,0.12,0.792,5,0
WOH-01073,MON-100,0.234,10,8,0.5935,0.42,1.1076,7,1
WOH-01074,MON-200,,12,13,0.966,0.31,0.7824,2,0
WOH-01075,TV-100,0.5282,7,10,0.5453,0.18,1.0645,4,1
WOH-01076,TV-100,0.4679,23,6,0.8606,0.18,16.2927,6,0
WOH-01077,MON-100,1,13,0,0.7995,0.42,1.0871,3,0
WOH-01078,TV-100,0.082,11,4,0.4636,0.18,0.921,7,1
WOH-01079,MON-200,0.9554,19,3,0.3723,0.31,,7,0
WOH-01080,TV-300,0.7242,15,5,0.2825,0.25,1.0958,6,0
WOH-01081,MON-100,0.1868,7,4,0.4937,0.42,1.3596,4,0
WOH-01082,TV-300,,-1,5,0.8966,0.25,1.5953,8,0
WOH-01083,MON-100,0.0944,7,14,0.512,0.42,,6,1
WOH-01084,TV-300,,14,0,0.3392,0.25,1.3225,3,0
WOH-01085,MON-200,0.6679,5,6,0.6312,0.31,0.6976,2,1
WOH-01086,TV-200,0.4734,4,8,0.3691,0.12,1.0606,2,0
WOH-01087,MON-200,0.2841,14,4,0.3094,0.31,0.6081,4,0
WOH-01088,TV-200,,-1,8,0.5782,0.12,0.7339,2,1
WOH-01089,TV-200,0.8701,-1,4,0.9514,0.12,,5,0
WOH-01090,MON-200,0.6016,20,14,0.4467,0.31,0.891,8,1
WOH-01091,MON-200,,13,3,0.6006,0.31,0.7887,4,0
WOH-01092,TV-200,1,0,0,0.635,0.12,1.2477,7,0
WOH-01093,TV-300,0.8363,1,10,0.9582,0.25,1.0819,5,1
WOH-01094,TV-300,0.3694,7,14,0.7263,0.25,1.1341,4,0
WOH-01095,TV-200,0.1825,2,13,0.1947,0.12,1.4902,5,1
WOH-01096,MON-200,0.7228,6,5,0.7987,0.31,1.3629,5,0
WOH-01097,MON-200,0.9846,-5,6,0.0503,0.31,0.9244,4,1
WOH-01098,MON-200,,-6,6,0.3971,0.31,0.8674,8,1
WOH-01099,TV-100,0.1047,23,9,0.3312,0.18,0.7733,6,0
WOH-01100,TV-300,0.1978,8,10,0.104,0.25,,7,1
WOH-01101,MON-200,0.8704,-3,7,0.3753,0.31,0.5008,2,1
WOH-01102,TV-300,0.4932,19,13,0.3956,0.25,0.6126,5,0
WOH-01103,MON-200,1,1,0,0.2208,0.31,0.7114,3,1
WOH-01104,TV-300,0.2694,19,6,0.6204,0.25,1.3713,4,0
WOH-01105,MON-200,,13,6,0.4454,0.31,0.5709,6,0
WOH-01106,TV-200,0.8761,18,7,0.9297,0.12,0.7151,4,0
WOH-01107,TV-200,0.8794,20,4,0.9793,0.12,0.9027,6,0
WOH-01108,TV-200,1,12,0,0.4974,0.12,0.5005,4,0
WOH-01109,TV-300,1,20,0,0.5618,0.25,20.0032,5,0
WOH-01110,MON-100,0.2454,6,11,0.0292,0.42,1.0116,2,0
WOH-01111,TV-100,0.6722,21,9,0.5098,0.18,0.9579,3,0
WOH-01112,TV-100,0.9249,16,2,0.8032,0.18,1.3276,5,0
WOH-01113,TV-200,0.7253,2,5,0.6145,0.12,1.1745,6,1
WOH-01114,MON-100,0.9797,-3,3,0.0562,0.42,0.5343,7,0
WOH-01115,MON-100,0.0037,-1,6,0.3132,0.42,0.7079,4,1
WOH-01116,TV-100,1,5,0,0.3736,0.18,0.7366,8,1
WOH-01117,TV-300,,4,9,0.528,0.25,,3,1
WOH-01118,TV-200,0.703,7,6,0.7713,0.12,1.544,6,0
WOH-01119,TV-300,0.1545,14,7,0.5381,0.25,0.8444,2,1
WOH-01120,MON-100,1,11,0,0.8001,0.42,1.1862,5,0
WOH-01121,MON-100,1,21,0,0.1367,0.42,0.6266,5,0
WOH-01122,MON-200,0.5454,20,13,0.639,0.31,1.3249,3,0
WOH-01123,MON-100,0.9303,5,12,0.9734,0.42,0.6928,5,1
WOH-01124,TV-200,0.7622,-1,2,0.9572,0.12,0.7927,6,0
WOH-01125,TV-300,0.8577,19,12,0.3402,0.25,0.8441,8,0
WOH-01126,MON-100,0.7649,15,9,0.7148,0.42,1.374,2,0
WOH-01127,TV-200,0.2579,12,12,0.6058,0.12,1.1166,2,1
WOH-01128,MON-200,0.8844,23,2,0.9161,0.31,1.1504,2,0
WOH-01129,TV-200,0.0207,15,6,0.2938,0.12,0.608,4,0
WOH-01130,MON-100,0.1534,11,5,0.692,0.42,1.5898,2,1
WOH-01131,TV-300,1,11,0,0.1208,0.25,1.4076,6,0
WOH-01132,TV-200,1,15,0,0.9844,0.12,0.6386,8,0
WOH-01133,MON-200,,-6,13,0.0522,0.31,0.9434,7,1
WOH-01134,TV-200,0.3648,10,5,0.1718,0.12,1.2751,3,1
WOH-01135,MON-200,,-6,14,0.6154,0.31,1.4435,6,1
WOH-01136,TV-100,1,12,0,0.1794,0.18,1.5777,3,0
WOH-01137,MON-100,0.6879,12,11,0.1697,0.42,,2,0
WOH-01138,TV-200,0.0593,6,11,0.1793,0.12,1.2385,5,1
WOH-01139,TV-100,0.2615,-3,3,0.5028,0.18,0.5212,6,1
WOH-01140,MON-200,,-3,7,0.5689,0.31,0.8354,4,1
WOH-01141,MON-100,0.2438,24,3,0.7306,0.42,1.3772,7,0
WOH-01142,TV-100,,11,10,0.2749,0.18,0.8137,8,1
WOH-01143,TV-200,0.0432,7,2,0.1169,0.12,1.558,8,1
WOH-01144,TV-100,0.6266,22,6,0.4039,0.18,0.625,4,0
WOH-01145,MON-100,0.8372,7,9,0.1633,0.42,0.609,4,0
WOH-01146,MON-200,0.8717,12,2,0.9735,0.31,0.8115,6,0
WOH-01147,MON-200,0.5895,22,3,0.7066,0.31,1.4537,5,0
WOH-01148,TV-200,0.3611,24,11,0.2549,0.12,,5,1
WOH-01149,MON-100,0.6078,4,9,0.3205,0.42,1.5124,8,1
WOH-01150,MON-100,0.2104,-1,2,0.9567,0.42,0.7828,6,1
WOH-01151,MON-100,0.36,24,5,0.1863,0.42,1.4005,4,0
WOH-01152,MON-200,0.3671,1,2,0.7866,0.31,0.8046,8,1
WOH-01153,TV-100,0.6602,9,14,0.3664,0.18,10.3473,6,1
WOH-01154,MON-100,0.584,13,12,0.9734,0.42,0.5611,3,0
WOH-01155,MON-100,0.2798,-3,9,0.9447,0.42,1.2698,5,0
WOH-01156,MON-200,,23,13,0.0672,0.31,0.7876,5,0
WOH-01157,MON-200,0.5401,19,2,0.1655,0.31,1.1748,5,0
WOH-01158,TV-200,0.7272,6,3,0.3415,0.12,0.5152,5,0
WOH-01159,TV-100,0.3341,20,6,0.0726,0.18,0.7273,7,0
WOH-01160,TV-300,,19,13,0.6985,0.25,1.2421,5,0
WOH-01161,TV-300,0.5126,-4,4,0.6073,0.25,1.2629,8,0
WOH-01162,MON-100,0.1666,20,10,0.1611,0.42,0.7321,8,1
WOH-01163,TV-100,0.7138,17,4,0.8806,0.18,1.5804,8,1
WOH-01164,TV-100,0.6681,22,7,0.4633,0.18,0.9293,4,0
WOH-01165,TV-300,0.8844,2,7,0.1435,0.25,,2,0
WOH-01166,TV-300,1,14,0,0.0516,0.25,0.5918,3,0
WOH-01167,TV-200,0.6671,2,8,0.7277,0.12,1.5115,5,0
WOH-01168,TV-200,0.1284,16,9,0.9564,0.12,1.391,4,0
WOH-01169,TV-200,0.9325,4,6,0.3788,0.12,1.2492,2,0
WOH-01170,TV-100,0.7833,6,4,0.4583,0.18,1.1325,8,0
WOH-01171,MON-200,0.7904,21,3,0.071,0.31,0.711,7,1
WOH-01172,TV-200,,1,10,0.1999,0.12,1.3973,4,1
WOH-01173,MON-200,0.0927,-5,13,0.9586,0.31,1.3336,5,1
WOH-01174,MON-100,1,14,0,0.6741,0.42,1.3429,5,0
WOH-01175,MON-200,0.3852,2,9,0.6312,0.31,0.9224,4,1
WOH-01176,TV-300,0.1774,23,11,0.2692,0.25,1.419,3,1
WOH-01177,MON-200,0.1872,14,2,0.3406,0.31,0.9254,6,0
WOH-01178,MON-100,0.1869,20,6,0.1685,0.42,0.8854,6,1
WOH-01179,TV-300,0.9664,5,14,0.424,0.25,0.6684,5,1
WOH-01180,MON-100,0.3768,15,14,0.6157,0.42,,7,0
WOH-01181,TV-100,,22,0,0.1787,0.18,1.415,5,1
WOH-01182,MON-200,0.5752,-6,10,0.1682,0.31,1.3135,2,1
WOH-01183,MON-100,0.9669,13,11,0.8235,0.42,0.6432,4,0
WOH-01184,TV-300,0.5979,24,9,0.4975,0.25,1.2448,7,0
WOH-01185,TV-300,1,20,0,0.0851,0.25,1.0724,6,0
WOH-01186,MON-200,0.2176,20,5,0.5613,0.31,1.2608,4,1
WOH-01187,MON-100,0.8799,6,4,0.0597,0.42,1.0456,6,0
WOH-01188,TV-300,0.3082,3,9,0.4114,0.25,1.2786,2,1
WOH-01189,MON-100,0.4499,-1,9,0.5963,0.42,1.0977,3,1
WOH-01190,TV-100,0.5978,13,5,0.6635,0.18,0.6535,3,0
WOH-01191,MON-200,0.8786,13,3,0.695,0.31,1.2793,3,0
WOH-01192,MON-200,0.051,19,8,0.5537,0.31,1.5178,5,1
WOH-01193,TV-100,0.8042,4,5,0.0572,0.18,0.5729,6,0
WOH-01194,TV-300,0.0718,19,8,0.0081,0.25,1.4017,3,1
WOH-01195,MON-200,0.772,-6,12,0.5234,0.31,1.364,3,1
WOH-01196,MON-200,1,4,0,0.0623,0.31,,2,0
WOH-01197,TV-200,0.5649,-3,2,0.6107,0.12,0.7577,7,1
WOH-01198,TV-300,0.4438,-5,12,0.0213,0.25,0.7216,6,1
WOH-01199,TV-100,0.0445,8,3,0.8196,0.18,1.5467,3,1
WOH-01200,MON-100,0.5266,-1,2,0.6369,0.42,1.5087,7,0
